template_path,template_name,template_role,owner_app,content_hash,url_name,url_path_pattern,view_callable,http_methods,resolved_template_origin,extends,includes,consumers,related_static_assets,email_or_task_usage,primary_task,audience,auth_required,permission_rule,write_effects,current_api_endpoints,inline_script,upload_download,streaming_or_polling,api_gap,destination_class,destination_reason,target_screen_key,target_action_keys,target_panel_keys,wave,legacy_url_policy,redirect_target,rollback_commit,graph_hash,compatibility_note,unit_tests,api_contract_tests,playwright_uat,task_parity_status,observability_evidence,status,owner,reviewer,last_reviewed_at,exception_expiry,notes
apps/agent_runtime/templates/agent_runtime/_operator_styles.html,agent_runtime/_operator_styles.html,partial_component,agent_runtime,9e1e53b9abdfe23ee287bbbe01710e45a7d7c25ee5dfb555d92f6aae75412771,,,,unknown,apps/agent_runtime/templates/agent_runtime/_operator_styles.html,,,apps/agent_runtime/templates/agent_runtime/operator_proposal_detail.html;apps/agent_runtime/templates/agent_runtime/operator_proposal_list.html;apps/agent_runtime/templates/agent_runtime/operator_task_detail.html;apps/agent_runtime/templates/agent_runtime/operator_task_list.html,,,,authenticated,true,agent_runtime.backend_authorization,none_detected,,false,false,false,review_required,A,适合通过既有或补齐后的 JSON API 迁入 TUI。,ai-ops.terminal,,,M3,remove_with_consumer,,,e734b1c6ad07ac15148d8ff1bb018f3ef6de58d84fec42e45c488705e12973f9,schema=tui-metadata.v3;runtime=agomtui-runtime-0.2.0+9fdceb2691de;ia=2026-07-21,,,,not_started,,backlog,agent_runtime,Codex M0 inventory review,2026-07-26,,
apps/agent_runtime/templates/agent_runtime/_summary_cards.html,agent_runtime/_summary_cards.html,partial_component,agent_runtime,6328e8e3c2444c8d90ffe314ede5739aa77d57e2fe0bff109b6cc10d87dc3d88,,,,unknown,apps/agent_runtime/templates/agent_runtime/_summary_cards.html,,,apps/agent_runtime/templates/agent_runtime/operator_proposal_detail.html;apps/agent_runtime/templates/agent_runtime/operator_proposal_list.html;apps/agent_runtime/templates/agent_runtime/operator_task_detail.html;apps/agent_runtime/templates/agent_runtime/operator_task_list.html,,,,authenticated,true,agent_runtime.backend_authorization,none_detected,,false,false,false,review_required,A,适合通过既有或补齐后的 JSON API 迁入 TUI。,ai-ops.terminal,,,M3,remove_with_consumer,,,e734b1c6ad07ac15148d8ff1bb018f3ef6de58d84fec42e45c488705e12973f9,schema=tui-metadata.v3;runtime=agomtui-runtime-0.2.0+9fdceb2691de;ia=2026-07-21,,,,not_started,,backlog,agent_runtime,Codex M0 inventory review,2026-07-26,,
apps/agent_runtime/templates/agent_runtime/operator_proposal_detail.html,agent_runtime/operator_proposal_detail.html,route_page,agent_runtime,f2ad27e15be2196b251fde5b9825bde584b14fc6c2c929780bfdffba2a912baa,agent_runtime_pages:proposal_detail,/settings/agent-runtime/proposals/<int:proposal_id>/,apps.agent_runtime.interface.page_views.operator_proposal_detail_view,GET;POST,apps/agent_runtime/templates/agent_runtime/operator_proposal_detail.html,base.html,agent_runtime/_operator_styles.html;agent_runtime/_summary_cards.html;components/classic_tui_migration_banner.html,,,,调查提案证据并按状态提交、批准、拒绝或执行,operator,true,staff_or_operator,confirmed_audited,,false,false,false,closed,A,新增 operator-only typed detail API；四个状态机动作复用既有 owner API并保留权限、guardrail、确认和审计。,ai-ops.terminal,agent-runtime.operator-proposal-detail;agent-runtime.operator-submit-proposal;agent-runtime.operator-approve-proposal;agent-runtime.operator-reject-proposal;agent-runtime.operator-execute-proposal,,M3-agent-runtime-operator-w38,redirect_to_tui,/tui/?screen=ai-ops.terminal&action=agent-runtime.operator-proposal-detail,f05399dde14d93671e61e2c7ecf7b759acd4bfd5,e734b1c6ad07ac15148d8ff1bb018f3ef6de58d84fec42e45c488705e12973f9,schema=tui-metadata.v3;runtime=agomtui-runtime-0.2.0+9fdceb2691de;ia=2026-07-21,tests/unit/test_tui_workbench.py::test_tui_agent_runtime_operator_workflows_follow_operator_group_visibility,tests/component/test_agent_runtime_m4_dashboard.py,live-server lifecycle/guardrail/error UAT pending,complete,instrumented_awaiting_14d_production_samples,migrated,agent_runtime,Codex M3 review,2026-07-26,,apps/agent_runtime/interface/page_views.py:134
apps/agent_runtime/templates/agent_runtime/operator_proposal_list.html,agent_runtime/operator_proposal_list.html,route_page,agent_runtime,be2bdff653abd3746dbaa7481a8c04d0db509f7a9ba139569ef497aab3285094,agent_runtime_pages:proposal_list,/settings/agent-runtime/proposals/,apps.agent_runtime.interface.page_views.operator_proposal_list_view,GET,apps/agent_runtime/templates/agent_runtime/operator_proposal_list.html,base.html,agent_runtime/_operator_styles.html;agent_runtime/_summary_cards.html;components/classic_tui_migration_banner.html,,,,按状态、审批状态、风险与搜索词处理提案队列,operator,true,staff_or_operator,none_detected,/api/agent-runtime/proposals/,false,false,false,closed,A,新增 operator-only typed 队列 API以保留 Classic 的四类筛选且不暴露给普通用户。,ai-ops.terminal,agent-runtime.operator-proposal-list,,M3-agent-runtime-operator-w38,redirect_to_tui,/tui/?screen=ai-ops.terminal&action=agent-runtime.operator-proposal-list,f05399dde14d93671e61e2c7ecf7b759acd4bfd5,e734b1c6ad07ac15148d8ff1bb018f3ef6de58d84fec42e45c488705e12973f9,schema=tui-metadata.v3;runtime=agomtui-runtime-0.2.0+9fdceb2691de;ia=2026-07-21,tests/unit/test_tui_workbench.py::test_tui_agent_runtime_operator_workflows_follow_operator_group_visibility,tests/component/test_agent_runtime_m4_dashboard.py,live-server filter/empty-state UAT pending,complete,instrumented_awaiting_14d_production_samples,migrated,agent_runtime,Codex M3 review,2026-07-26,,apps/agent_runtime/interface/page_views.py:94
apps/agent_runtime/templates/agent_runtime/operator_task_detail.html,agent_runtime/operator_task_detail.html,route_page,agent_runtime,6732ddb819ed13a469966cf3be09829137dc07f21dae03661e40c1dab27f9ef0,agent_runtime_pages:task_detail,/settings/agent-runtime/tasks/<int:task_id>/,apps.agent_runtime.interface.page_views.operator_task_detail_view,GET,apps/agent_runtime/templates/agent_runtime/operator_task_detail.html,base.html,agent_runtime/_operator_styles.html;agent_runtime/_summary_cards.html;components/classic_tui_migration_banner.html,,,,调查任务时间线、提案、guardrail 与执行记录,operator,true,staff_or_operator,none_detected,,false,false,false,none_detected,A,复用既有 operator dashboard 详情 API并保留完整调查证据。,ai-ops.terminal,agent-runtime.operator-task-detail,,M3-agent-runtime-operator-w38,redirect_to_tui,/tui/?screen=ai-ops.terminal&action=agent-runtime.operator-task-detail,f05399dde14d93671e61e2c7ecf7b759acd4bfd5,e734b1c6ad07ac15148d8ff1bb018f3ef6de58d84fec42e45c488705e12973f9,schema=tui-metadata.v3;runtime=agomtui-runtime-0.2.0+9fdceb2691de;ia=2026-07-21,tests/unit/test_tui_workbench.py::test_tui_agent_runtime_operator_workflows_follow_operator_group_visibility,tests/component/test_agent_runtime_m4_dashboard.py,live-server detail/not-found UAT pending,complete,instrumented_awaiting_14d_production_samples,migrated,agent_runtime,Codex M3 review,2026-07-26,,apps/agent_runtime/interface/page_views.py:76
apps/agent_runtime/templates/agent_runtime/operator_task_list.html,agent_runtime/operator_task_list.html,route_page,agent_runtime,821fdcd6f59f67dfbf8e503cacc83e40bf178dad1aa3b08eb085e46776e14f82,agent_runtime_pages:task_list,/settings/agent-runtime/,apps.agent_runtime.interface.page_views.operator_task_list_view,GET,apps/agent_runtime/templates/agent_runtime/operator_task_list.html,base.html,agent_runtime/_operator_styles.html;agent_runtime/_summary_cards.html;components/classic_tui_migration_banner.html,,,,查看智能任务治理总览并筛选跨用户任务队列,operator,true,staff_or_operator,none_detected,/api/agent-runtime/dashboard/summary/,false,false,false,closed,A,新增 operator-only typed 任务队列 API以保留状态、任务域、搜索与 attention 筛选。,ai-ops.terminal,agent-runtime.operator-summary;agent-runtime.operator-task-list,,M3-agent-runtime-operator-w38,redirect_to_tui,/tui/?screen=ai-ops.terminal&action=agent-runtime.operator-task-list,f05399dde14d93671e61e2c7ecf7b759acd4bfd5,e734b1c6ad07ac15148d8ff1bb018f3ef6de58d84fec42e45c488705e12973f9,schema=tui-metadata.v3;runtime=agomtui-runtime-0.2.0+9fdceb2691de;ia=2026-07-21,tests/unit/test_tui_workbench.py::test_tui_agent_runtime_operator_workflows_follow_operator_group_visibility,tests/component/test_agent_runtime_m4_dashboard.py,M5 browser UAT: operator empty-state + role-denial passed; full filter/attention remains pending,complete,instrumented_awaiting_14d_production_samples,migrated,agent_runtime,Codex M3 review,2026-07-26,,apps/agent_runtime/interface/page_views.py:66
apps/alpha/templates/alpha/ops/_tabs.html,alpha/ops/_tabs.html,partial_component,alpha,b64c6c92740bf81ffb74886486c3b1d1fe64821be4d4675dfe353444d7551ca8,,,,unknown,apps/alpha/templates/alpha/ops/_tabs.html,,,apps/alpha/templates/alpha/ops/inference.html;apps/alpha/templates/alpha/ops/qlib_data.html,,,,authenticated,true,alpha.backend_authorization,none_detected,,false,false,false,not_applicable,A,随两个 Alpha Classic 运维消费者在 M5 清理；不作为独立 TUI 用户任务。,research.signals,,,M5,remove_with_consumer,,,e734b1c6ad07ac15148d8ff1bb018f3ef6de58d84fec42e45c488705e12973f9,schema=tui-metadata.v3;runtime=agomtui-runtime-0.2.0+9fdceb2691de;ia=2026-07-21,,,,not_applicable,,backlog,alpha,Codex M3 review,2026-07-26,,Classic shared tabs partial
apps/alpha/templates/alpha/ops/inference.html,alpha/ops/inference.html,route_page,alpha,cb82444c6119880dcb9ef9672103a0ba1a97037dd92057b35c240d9dbe5ecc3e,alpha:ops-inference,/alpha/ops/inference/,apps.alpha.interface.views.alpha_ops_inference_page,GET,apps/alpha/templates/alpha/ops/inference.html,base.html,alpha/ops/_tabs.html,,css/admin-shell.css,,alpha: inference,authenticated,true,alpha.backend_authorization,none_detected,/api/alpha/ops/inference/trigger/,true,true,false,closed,A,staff 读取概览与 superuser 三种异步推理模式已在 TUI 闭环。,research.signals,auto.api.get.api.alpha.ops.inference.overview;alpha.inference.trigger_general;alpha.inference.trigger_portfolio;alpha.inference.trigger_batch,,M3-alpha-ops-w27,redirect_to_tui,/tui/?screen=research.signals&action=auto.api.get.api.alpha.ops.inference.overview,f05399dde14d93671e61e2c7ecf7b759acd4bfd5,e734b1c6ad07ac15148d8ff1bb018f3ef6de58d84fec42e45c488705e12973f9,schema=tui-metadata.v3;runtime=agomtui-runtime-0.2.0+9fdceb2691de;ia=2026-07-21,tests/unit/test_tui_workbench.py::test_tui_alpha_ops_publish_all_curated_admin_modes,tests/api/test_alpha_ops_api.py,live-server UAT pending,complete,instrumented_awaiting_14d_production_samples,migrated,alpha,Codex M3 review,2026-07-26,,apps/alpha/interface/views.py:108
apps/alpha/templates/alpha/ops/qlib_data.html,alpha/ops/qlib_data.html,route_page,alpha,4f0672f9d7f810ad573ae808248fff1fb03dda4f918ef644ce6734f12b4591c6,alpha:ops-qlib-data,/alpha/ops/qlib-data/,apps.alpha.interface.views.alpha_ops_qlib_data_page,GET,apps/alpha/templates/alpha/ops/qlib_data.html,base.html,alpha/ops/_tabs.html,,css/admin-shell.css,,alpha: qlib data,authenticated,true,alpha.backend_authorization,none_detected,/api/alpha/ops/qlib-data/refresh/,true,true,false,closed,A,staff 读取概览与 superuser 两种 Qlib 数据刷新模式已在 TUI 闭环。,research.signals,auto.api.get.api.alpha.ops.qlib-data.overview;alpha.qlib_data_refresh_universes;alpha.qlib_data_refresh,,M3-alpha-ops-w27,redirect_to_tui,/tui/?screen=research.signals&action=auto.api.get.api.alpha.ops.qlib-data.overview,f05399dde14d93671e61e2c7ecf7b759acd4bfd5,e734b1c6ad07ac15148d8ff1bb018f3ef6de58d84fec42e45c488705e12973f9,schema=tui-metadata.v3;runtime=agomtui-runtime-0.2.0+9fdceb2691de;ia=2026-07-21,tests/unit/test_tui_workbench.py::test_tui_alpha_ops_publish_all_curated_admin_modes,tests/api/test_alpha_ops_api.py,live-server UAT pending,complete,instrumented_awaiting_14d_production_samples,migrated,alpha,Codex M3 review,2026-07-26,,apps/alpha/interface/views.py:128
apps/alpha_trigger/templates/alpha_trigger/candidate_detail.html,alpha_trigger/candidate_detail.html,route_page,alpha_trigger,127fb9010f5c3993442fb91c2ce5b9879202ec1cb30cf3086d292aa3c4b05580,alpha_trigger:candidate_detail,/alpha-triggers/candidates/<str:candidate_id>/,apps.alpha_trigger.interface.views.alpha_candidate_detail_view,GET,apps/alpha_trigger/templates/alpha_trigger/candidate_detail.html,base.html,,,,,复核 Alpha 候选的风险、收益与执行跟踪,authenticated,true,login_required,none_detected,,true,false,false,closed_existing_owner_api,A,适合通过既有 JSON API 迁入 TUI。,research.signals,alpha-trigger.candidate-detail,actionable-candidates,M2-alpha-trigger-read-w17,retain,/tui/?screen=research.signals&action=alpha-trigger.candidate-detail,f05399dde14d93671e61e2c7ecf7b759acd4bfd5,e734b1c6ad07ac15148d8ff1bb018f3ef6de58d84fec42e45c488705e12973f9,schema=tui-metadata.v3;runtime=agomtui-runtime-0.2.0+9fdceb2691de;ia=2026-07-21,tests/unit/test_tui_workbench.py::test_tui_alpha_trigger_reads_publish_actionable_and_invalidation_first_contracts,tests/api/test_alpha_trigger_api_edges.py,frontend/tui-workbench/tests/workbench-browser.test.mjs (row detail/deep-link),complete,Authenticated candidate detail keeps risk zones and execution tracking,migrated,alpha_trigger,Codex M2 wave review,2026-07-26,,Classic page retained with exact TUI action and row-backed candidate ID.
apps/alpha_trigger/templates/alpha_trigger/create.html,alpha_trigger/create.html,route_page,alpha_trigger,1ba306d6bec429237a2e499a490244a386c5812961ada68299612ee11c54e20d,alpha_trigger:create,/alpha-triggers/create/,apps.alpha_trigger.interface.views.alpha_trigger_create_view,GET,apps/alpha_trigger/templates/alpha_trigger/create.html,base.html,components/json_assistant.html;components/json_assistant_assets.html,,css/alpha-trigger-create.css;css/alpha-triggers.css,,创建带触发条件、证伪条件与有效期的 Alpha 触发器,authenticated,true,login_required,create_trigger,,true,true,false,closed_owner_api_slice,A,创建与证伪 JSON 契约已由 owner app API 承载。,research.signals,alpha-trigger.create;alpha-trigger.check-invalidation;alpha-trigger.evaluate,,M2-alpha-trigger-lifecycle-w18,retain,/tui/?screen=research.signals&action=alpha-trigger.create,f05399dde14d93671e61e2c7ecf7b759acd4bfd5,e734b1c6ad07ac15148d8ff1bb018f3ef6de58d84fec42e45c488705e12973f9,schema=tui-metadata.v3;runtime=agomtui-runtime-0.2.0+9fdceb2691de;ia=2026-07-21,tests/unit/test_tui_workbench.py::test_tui_alpha_trigger_mutations_publish_confirmed_lifecycle_contracts,tests/api/test_alpha_trigger_api_edges.py,frontend/tui-workbench/tests/workbench-browser.test.mjs (object/list form/confirmation),complete,Create action requires explicit invalidation list and confirmation,migrated,alpha_trigger,Codex M2 wave review,2026-07-26,,Classic page retained; AI suggestion remains optional compatibility UI while TUI publishes deterministic JSON inputs.
apps/alpha_trigger/templates/alpha_trigger/detail.html,alpha_trigger/detail.html,route_page,alpha_trigger,2018794e09a9db41873f22d6f69fbf3655b9d0f76da877cb7ce8bece74debfa1,alpha_trigger:detail,/alpha-triggers/detail/<str:trigger_id>/,apps.alpha_trigger.interface.views.alpha_trigger_detail_view,GET,apps/alpha_trigger/templates/alpha_trigger/detail.html,base.html,,,,,复核 Alpha 触发条件、证伪条件与生命周期,authenticated,true,login_required,none_detected,,true,false,false,closed_existing_owner_api,A,适合通过既有 JSON API 迁入 TUI。,research.signals,alpha-trigger.trigger-detail,,M2-alpha-trigger-read-w17,retain,/tui/?screen=research.signals&action=alpha-trigger.trigger-detail,f05399dde14d93671e61e2c7ecf7b759acd4bfd5,e734b1c6ad07ac15148d8ff1bb018f3ef6de58d84fec42e45c488705e12973f9,schema=tui-metadata.v3;runtime=agomtui-runtime-0.2.0+9fdceb2691de;ia=2026-07-21,tests/unit/test_tui_workbench.py::test_tui_alpha_trigger_reads_publish_actionable_and_invalidation_first_contracts,tests/api/test_alpha_trigger_api_edges.py,frontend/tui-workbench/tests/workbench-browser.test.mjs (detail/deep-link),complete,Trigger detail exposes invalidation conditions and lifecycle state,migrated,alpha_trigger,Codex M2 wave review,2026-07-26,,Classic page retained with exact TUI action and path parameter.
apps/alpha_trigger/templates/alpha_trigger/edit.html,alpha_trigger/edit.html,route_page,alpha_trigger,48fbddb5beda79561b483aa5bc0bd970844d3b194ed19dc2335fb54d43217371,alpha_trigger:edit,/alpha-triggers/edit/<str:trigger_id>/,apps.alpha_trigger.interface.views.alpha_trigger_edit_view,GET,apps/alpha_trigger/templates/alpha_trigger/edit.html,base.html,components/json_assistant.html;components/json_assistant_assets.html,,,,编辑 Alpha 触发器并管理暂停、恢复与取消状态,authenticated,true,login_required,update_trigger,,true,true,false,closed_owner_api_slice,A,补齐 owner app Application 用例和软取消生命周期 API 后迁入 TUI。,research.signals,alpha-trigger.update;alpha-trigger.pause;alpha-trigger.resume;alpha-trigger.cancel,,M2-alpha-trigger-lifecycle-w18,retain,/tui/?screen=research.signals&action=alpha-trigger.update,f05399dde14d93671e61e2c7ecf7b759acd4bfd5,e734b1c6ad07ac15148d8ff1bb018f3ef6de58d84fec42e45c488705e12973f9,schema=tui-metadata.v3;runtime=agomtui-runtime-0.2.0+9fdceb2691de;ia=2026-07-21,tests/unit/test_tui_workbench.py::test_tui_alpha_trigger_mutations_publish_confirmed_lifecycle_contracts,tests/api/test_alpha_trigger_api_edges.py,frontend/tui-workbench/tests/workbench-browser.test.mjs (path form/confirmation/refresh),complete,Domain transition rules reject terminal-state recovery and repository persists full editable state,migrated,alpha_trigger,Codex M2 wave review,2026-07-26,,Classic page retained with exact trigger ID deep link; delete is audit-preserving cancellation.
apps/alpha_trigger/templates/alpha_trigger/invalidation_builder.html,alpha_trigger/invalidation_builder.html,route_page,alpha_trigger,c5618a97751ca06a9b934a0c6b91bd32a521dc722f2ff84683043a3091a9266b,alpha_trigger:invalidation_builder,/alpha-triggers/invalidation-builder/,apps.alpha_trigger.interface.views.alpha_trigger_invalidation_builder_view,GET,apps/alpha_trigger/templates/alpha_trigger/invalidation_builder.html,base.html,,,,,构建并验证可证伪的 Alpha 规则,authenticated,true,login_required,none_detected,,true,false,false,closed_owner_api_slice,A,证伪规则作为 typed JSON list 合并到创建、编辑与检查任务。,research.signals,alpha-trigger.create;alpha-trigger.update;alpha-trigger.check-invalidation,,M2-alpha-trigger-lifecycle-w18,retain,/tui/?screen=research.signals&action=alpha-trigger.create,f05399dde14d93671e61e2c7ecf7b759acd4bfd5,e734b1c6ad07ac15148d8ff1bb018f3ef6de58d84fec42e45c488705e12973f9,schema=tui-metadata.v3;runtime=agomtui-runtime-0.2.0+9fdceb2691de;ia=2026-07-21,tests/unit/test_tui_workbench.py::test_tui_alpha_trigger_mutations_publish_confirmed_lifecycle_contracts,tests/api/test_alpha_trigger_api_edges.py,frontend/tui-workbench/tests/workbench-browser.test.mjs (JSON list/check action),complete,Invalidation construction no longer depends on a separate route task,migrated,alpha_trigger,Codex M2 wave review,2026-07-26,,Classic builder retained; hard-coded indicator examples are not promoted as runtime truth.
apps/alpha_trigger/templates/alpha_trigger/list.html,alpha_trigger/list.html,route_page,alpha_trigger,115b691d95d2c6c10d3cd345988bf0ba23ff036aab60cc4cc82f9e6366f5bbbd,alpha_trigger:list,/alpha-triggers/,apps.alpha_trigger.interface.views.alpha_trigger_list_view,GET,apps/alpha_trigger/templates/alpha_trigger/list.html,base.html,components/investment_disclaimer.html,,css/alpha-triggers.css,,筛出可操作候选并核对活跃触发器与观察列表,authenticated,true,login_required,none_detected,,false,false,false,closed_existing_owner_api,A,适合通过既有 JSON API 按主任务重组进 TUI。,research.signals,alpha-trigger.trigger-list;alpha-trigger.trigger-active;alpha-trigger.candidate-list;alpha-trigger.candidate-actionable;alpha-trigger.candidate-watch-list,actionable-candidates,M2-alpha-trigger-read-w17,retain,/tui/?screen=research.signals&action=alpha-trigger.candidate-actionable,f05399dde14d93671e61e2c7ecf7b759acd4bfd5,e734b1c6ad07ac15148d8ff1bb018f3ef6de58d84fec42e45c488705e12973f9,schema=tui-metadata.v3;runtime=agomtui-runtime-0.2.0+9fdceb2691de;ia=2026-07-21,tests/unit/test_tui_workbench.py::test_tui_alpha_trigger_reads_publish_actionable_and_invalidation_first_contracts,tests/api/test_alpha_trigger_api_edges.py,frontend/tui-workbench/tests/workbench-browser.test.mjs (dashboard/filters/row detail),complete,Canonical P0 panel now uses curated actionable-candidate action,migrated,alpha_trigger,Codex M2 wave review,2026-07-26,,Classic page retained; authenticated reads replace repository-backed template aggregation.
apps/alpha_trigger/templates/alpha_trigger/performance.html,alpha_trigger/performance.html,route_page,alpha_trigger,af11abc75ab60f2dce82dee57181e23de7c27ea70b76e6620f8923caf439deef,alpha_trigger:performance,/alpha-triggers/performance/,apps.alpha_trigger.interface.views.alpha_trigger_performance_view,GET,apps/alpha_trigger/templates/alpha_trigger/performance.html,base.html,,,,,按窗口复核触发转化率与证伪率,authenticated,true,login_required,none_detected,,false,false,false,closed_existing_owner_api,A,适合通过既有只读统计 API 迁入 TUI。,research.signals,alpha-trigger.performance;alpha-trigger.trigger-statistics;alpha-trigger.candidate-statistics,,M2-alpha-trigger-read-w17,retain,/tui/?screen=research.signals&action=alpha-trigger.performance,f05399dde14d93671e61e2c7ecf7b759acd4bfd5,e734b1c6ad07ac15148d8ff1bb018f3ef6de58d84fec42e45c488705e12973f9,schema=tui-metadata.v3;runtime=agomtui-runtime-0.2.0+9fdceb2691de;ia=2026-07-21,tests/unit/test_tui_workbench.py::test_tui_alpha_trigger_reads_publish_actionable_and_invalidation_first_contracts,tests/api/test_alpha_trigger_api_edges.py,frontend/tui-workbench/tests/workbench-browser.test.mjs (window filter/datagrid),complete,Performance API remains pure read with stable days and trigger filters,migrated,alpha_trigger,Codex M2 wave review,2026-07-26,,Classic page retained; chart-free statistics use native datagrid/detail views.
apps/audit/templates/audit/attribution_detail.html,audit/attribution_detail.html,route_page,audit,a78504e57648094fd8cffec961eacd3fe7d13763bf7ce9e8ec21e16984f795a9,audit:report_detail,/audit/reports/<int:report_id>/,apps.audit.interface.views.AttributionDetailView,GET,apps/audit/templates/audit/attribution_detail.html,audit/base.html,components/classic_tui_migration_banner.html,,vendor/chartjs/chart.umd.min.js,,查看归因详情并比较各收益贡献,authenticated,true,login_required,none_detected,,true,false,false,closed,B,新增认证 detail+chart adapter并把小数收益统一投影为百分比柱状图。,execution.audit,audit.attribution-detail;audit.attribution-contribution-chart,,M4-audit-analytics-w43,redirect_to_tui,/tui/?screen=execution.audit&action=audit.attribution-detail,2f0e8cce24243ade60036cfd221c514cc2451bec,e734b1c6ad07ac15148d8ff1bb018f3ef6de58d84fec42e45c488705e12973f9,schema=tui-metadata.v3;runtime=agomtui-runtime-0.2.0+9fdceb2691de;ia=2026-07-21,tests/unit/test_tui_workbench.py::test_tui_audit_analytics_publish_chart_types_and_admin_mutations,tests/api/test_audit_api_edges.py,live-server detail/chart/empty/error UAT pending,complete,instrumented_awaiting_14d_production_samples,migrated,audit,Codex M4 review,2026-07-26,,apps/audit/interface/views.py:375
apps/audit/templates/audit/attribution_report.html,audit/attribution_report.html,route_page,audit,2b105e8d40da28c2fa0227bd348fe2f0fe93ee2236ed3f3cbf796a8036369d23,,,,unknown,apps/audit/templates/audit/attribution_report.html,audit/base.html,,,js/audit/attribution-charts.js;vendor/chartjs/chart.umd.min.js,,audit: attribution report,authenticated,true,audit.backend_authorization,none_detected,,true,true,false,not_applicable,D,"No view, route, include, task, or runtime consumer; attribution uses review/detail pages and JSON API.",,,,M0-D,remove_404,,d4d28e7168c83438eb708cddc4cf9e96ba616569,92acf9e42ffcf6b76af5abf368297407870159a66e53876855873e2efabb436c,schema=tui-metadata.v3;runtime=agomtui-runtime-0.2.0+40a52d5a5e8f;ia=2026-07-21,tests/unit/test_web_template_migration_inventory.py;tests/component/test_route_name_compatibility.py;tests/component/test_template_rendering.py,,,not_applicable,django_url_resolver_loader_origin_and_repository_reference_scan,deleted,audit,Codex M0-D evidence review,2026-07-26,,no_runtime_consumer;M0-D-2026-07-26
apps/audit/templates/audit/audit_page.html,audit/audit_page.html,route_page,audit,89b7556144810b6a3370369392c3a3f113572ab96d6ffe12fa199e7eba894fe3,,,,unknown,core/templates/audit/audit_page.html,audit/base.html,,,,,audit: audit page,authenticated,true,audit.backend_authorization,none_detected,,true,false,false,not_applicable,D,Django loader resolves to core/templates/audit/audit_page.html,,,,M0-D,remove_404,,d4d28e7168c83438eb708cddc4cf9e96ba616569,92acf9e42ffcf6b76af5abf368297407870159a66e53876855873e2efabb436c,schema=tui-metadata.v3;runtime=agomtui-runtime-0.2.0+40a52d5a5e8f;ia=2026-07-21,tests/unit/test_web_template_migration_inventory.py,,,not_applicable,django_loader_origin_and_repository_reference_scan,deleted,audit,Codex M0-D evidence review,2026-07-26,,loader_shadow_confirmed;no_direct_route;no_template_consumer;M0-D-2026-07-26
apps/audit/templates/audit/base.html,audit/base.html,layout,audit,c016af033d54f1788bba66297867bb0b49d654b8813f5d42c503936037b3ce2c,,,,unknown,apps/audit/templates/audit/base.html,base.html,,apps/audit/templates/audit/attribution_detail.html;apps/audit/templates/audit/indicator_performance.html;apps/audit/templates/audit/manual_trade_review.html;apps/audit/templates/audit/my_operation_logs.html;apps/audit/templates/audit/operation_logs_admin.html;apps/audit/templates/audit/report_list.html;apps/audit/templates/audit/review_page.html;apps/audit/templates/audit/threshold_validation.html,,,,authenticated,true,audit.backend_authorization,none_detected,,false,false,false,review_required,A,适合通过既有或补齐后的 JSON API 迁入 TUI。,execution.audit,,,M3,remove_with_consumer,,,e734b1c6ad07ac15148d8ff1bb018f3ef6de58d84fec42e45c488705e12973f9,schema=tui-metadata.v3;runtime=agomtui-runtime-0.2.0+9fdceb2691de;ia=2026-07-21,,,,not_started,,backlog,audit,Codex M0 inventory review,2026-07-26,,
apps/audit/templates/audit/decision_traces_admin.html,audit/decision_traces_admin.html,route_page,audit,0aa99d2eec4807d6bb780f269f30009b5a19572c9e9131bfbdb40bf1eaf3a6db,audit:decision_traces_admin,/audit/decision-traces/,apps.audit.interface.views.DecisionTracesAdminPageView,GET,apps/audit/templates/audit/decision_traces_admin.html,audit/my_decision_traces.html,,,,,查看全量 MCP 决策链并进入单次请求证据,admin,true,audit_admin,none_detected,,false,false,false,closed,A,复用既有管理员裁剪 API并发布列表与详情任务。,execution.audit,audit.decision-trace-list;audit.decision-trace-detail,,M3-audit-review-w41,redirect_to_tui,/tui/?screen=execution.audit&action=audit.decision-trace-list,5554caf11d80aa0fa13340d4e187946743659c1a,e734b1c6ad07ac15148d8ff1bb018f3ef6de58d84fec42e45c488705e12973f9,schema=tui-metadata.v3;runtime=agomtui-runtime-0.2.0+9fdceb2691de;ia=2026-07-21,tests/unit/test_tui_workbench.py::test_tui_audit_workbench_preserves_owner_scope_and_admin_evidence_actions,tests/api/test_audit_api_edges.py,live-server admin/owner/detail/error UAT pending,complete,instrumented_awaiting_14d_production_samples,migrated,audit,Codex M3 review,2026-07-26,,apps/audit/interface/views.py:475
apps/audit/templates/audit/indicator_performance.html,audit/indicator_performance.html,route_page,audit,e31eb0a087dbf26212f27fcd379d2e2c283bc0cee425e7c4a5a2570a3ad09d6a,audit:indicator_performance,/audit/indicator-performance/,apps.audit.interface.views.IndicatorPerformancePageView,GET,apps/audit/templates/audit/indicator_performance.html,audit/base.html,components/classic_tui_migration_banner.html,,js/audit/performance-dashboard.js;vendor/chartjs/chart.umd.min.js,,查看指标 F1 稳定性领先期与建议并进入单指标详情,authenticated,true,login_required,none_detected,,true,false,false,closed,B,新增认证限量指标表与百分比双序列柱状图并保留详情证据。,execution.audit,audit.indicator-performance-list;audit.indicator-performance-chart;audit.indicator-performance-detail,,M4-audit-analytics-w43,redirect_to_tui,/tui/?screen=execution.audit&action=audit.indicator-performance-list,2f0e8cce24243ade60036cfd221c514cc2451bec,e734b1c6ad07ac15148d8ff1bb018f3ef6de58d84fec42e45c488705e12973f9,schema=tui-metadata.v3;runtime=agomtui-runtime-0.2.0+9fdceb2691de;ia=2026-07-21,tests/unit/test_tui_workbench.py::test_tui_audit_analytics_publish_chart_types_and_admin_mutations,tests/api/test_audit_api_edges.py,live-server list/chart/detail/empty/error UAT pending,complete,instrumented_awaiting_14d_production_samples,migrated,audit,Codex M4 review,2026-07-26,,apps/audit/interface/views.py:396
apps/audit/templates/audit/manual_trade_review.html,audit/manual_trade_review.html,route_page,audit,625d72be3dc9a04e0b249f820e2e77c4513e6ab9388f3204711fc077521bd043,audit:manual_trades,/audit/manual-trades/,apps.audit.interface.views.ManualTradeReviewPageView,GET,apps/audit/templates/audit/manual_trade_review.html,audit/base.html,components/classic_tui_migration_banner.html,,,,audit: manual trade review,authenticated,true,audit.backend_authorization,none_detected,/api/account/broker-trades/import/;/api/account/broker-trades/preview/;/api/backtest/decision-replay/,true,true,false,none_detected,B,检测到生产图表/Canvas 标记，依赖 M1 renderer 契约。,execution.audit,audit.manual-trade-batches;audit.manual-trade-transactions;audit.manual-trade-import-preview;audit.manual-trade-import;audit.manual-trade-execution-links;audit.manual-trade-replay,,M4-audit-manual-trade-w44,redirect_to_tui,/tui/?screen=execution.audit,2f0e8cce24243ade60036cfd221c514cc2451bec,e734b1c6ad07ac15148d8ff1bb018f3ef6de58d84fec42e45c488705e12973f9,schema=tui-metadata.v3;runtime=agomtui-runtime-0.2.0+9fdceb2691de;ia=2026-07-21,tests/component/account/test_manual_trade_sync.py;tests/unit/test_tui_workbench.py,tests/api/test_audit_api_edges.py;tests/component/account/test_manual_trade_sync.py,live-server CSV preview/import and four-branch table_chart UAT pending,implemented_csv_and_replay,instrumented_awaiting_14d_production_samples,migrated,audit,Codex M4 review,2026-07-26,,Classic retains XLS/XLSX import;TUI supports bounded UTF-8 CSV and owner-scoped four-branch replay
apps/audit/templates/audit/my_decision_traces.html,audit/my_decision_traces.html,route_page,audit,91c01be2f179efad8bff3850eff861e100952e956de6853a7efacadd3283f2db,audit:my_decision_traces,/audit/my-decision-traces/,apps.audit.interface.views.MyDecisionTracesPageView,GET,apps/audit/templates/audit/my_decision_traces.html,base.html,components/classic_tui_migration_banner.html,apps/audit/templates/audit/decision_traces_admin.html,,,查看本人 MCP 决策链并进入单次请求证据,authenticated,true,owner_scoped_with_audit_admin_override,none_detected,/api/audit/decision-traces/,true,false,false,closed,A,复用既有 owner-scoped 决策链列表与详情 API。,execution.audit,audit.decision-trace-list;audit.decision-trace-detail,,M3-audit-review-w41,redirect_to_tui,/tui/?screen=execution.audit&action=audit.decision-trace-list,f05399dde14d93671e61e2c7ecf7b759acd4bfd5,e734b1c6ad07ac15148d8ff1bb018f3ef6de58d84fec42e45c488705e12973f9,schema=tui-metadata.v3;runtime=agomtui-runtime-0.2.0+9fdceb2691de;ia=2026-07-21,tests/unit/test_tui_workbench.py::test_tui_audit_workbench_preserves_owner_scope_and_admin_evidence_actions,tests/api/test_audit_api_edges.py,live-server admin/owner/detail/error UAT pending,complete,instrumented_awaiting_14d_production_samples,migrated,audit,Codex M3 review,2026-07-26,,apps/audit/interface/views.py:497
apps/audit/templates/audit/my_operation_logs.html,audit/my_operation_logs.html,route_page,audit,db904233295f1f41aad603f592aab64923c22b86c71acaa1b484b55b2dd5bcb0,audit:my_operation_logs,/audit/my-logs/,apps.audit.interface.views.MyOperationLogsPageView,GET,apps/audit/templates/audit/my_operation_logs.html,audit/base.html,components/classic_tui_migration_banner.html,,,,查看并筛选本人操作日志及单条证据,authenticated,true,owner_scoped_with_audit_admin_override,none_detected,/api/audit/operation-logs/,true,false,false,closed,A,复用既有 owner-scoped 日志列表与详情 API。,execution.audit,audit.operation-log-list;audit.operation-log-detail,,M3-audit-review-w41,redirect_to_tui,/tui/?screen=execution.audit&action=audit.operation-log-list,f05399dde14d93671e61e2c7ecf7b759acd4bfd5,e734b1c6ad07ac15148d8ff1bb018f3ef6de58d84fec42e45c488705e12973f9,schema=tui-metadata.v3;runtime=agomtui-runtime-0.2.0+9fdceb2691de;ia=2026-07-21,tests/unit/test_tui_workbench.py::test_tui_audit_workbench_preserves_owner_scope_and_admin_evidence_actions,tests/api/test_audit_api_edges.py,live-server admin/owner/detail/error UAT pending,complete,instrumented_awaiting_14d_production_samples,migrated,audit,Codex M3 review,2026-07-26,,apps/audit/interface/views.py:462
apps/audit/templates/audit/operation_logs_admin.html,audit/operation_logs_admin.html,route_page,audit,208b7ddd469f08d5b3a1adfd766532bae48f5b1e9b1242c9af3c445958a0e440,audit:operation_logs_admin,/audit/operation-logs/,apps.audit.interface.views.OperationLogsAdminPageView,GET,apps/audit/templates/audit/operation_logs_admin.html,audit/base.html,components/classic_tui_migration_banner.html,,,,查看全量操作日志统计详情并导出证据,admin,true,audit_admin,none_detected,/api/audit/operation-logs/;/api/audit/operation-logs/stats/,true,true,false,closed,A,复用既有管理员统计和证据导出 API且表格支持本地 CSV。,execution.audit,audit.operation-log-list;audit.operation-log-detail;audit.operation-log-stats;audit.operation-log-export-json,,M3-audit-review-w41,redirect_to_tui,/tui/?screen=execution.audit&action=audit.operation-log-list,f05399dde14d93671e61e2c7ecf7b759acd4bfd5,e734b1c6ad07ac15148d8ff1bb018f3ef6de58d84fec42e45c488705e12973f9,schema=tui-metadata.v3;runtime=agomtui-runtime-0.2.0+9fdceb2691de;ia=2026-07-21,tests/unit/test_tui_workbench.py::test_tui_audit_workbench_preserves_owner_scope_and_admin_evidence_actions,tests/api/test_audit_api_edges.py,live-server admin/owner/detail/export/error UAT pending,complete,instrumented_awaiting_14d_production_samples,migrated,audit,Codex M3 review,2026-07-26,,apps/audit/interface/views.py:439
apps/audit/templates/audit/report_list.html,audit/report_list.html,route_page,audit,25453daab6bd4069b532932c6a73a4a0d3e2d289ad9d755e05467c0dc254c826,audit:reports,/audit/reports/,apps.audit.interface.views.ReportListView,GET,apps/audit/templates/audit/report_list.html,audit/base.html,components/classic_tui_migration_banner.html,,,,筛选归因报告并预览后生成新报告,authenticated,true,login_required,confirmed_audited,/api/audit/reports/generate/,true,false,false,closed,A,新增认证限量报告适配器并复用既有预览和生成用例。,execution.audit,audit.report-list;audit.report-generate-preview;audit.report-generate,,M3-audit-review-w41,redirect_to_tui,/tui/?screen=execution.audit&action=audit.report-list,f05399dde14d93671e61e2c7ecf7b759acd4bfd5,e734b1c6ad07ac15148d8ff1bb018f3ef6de58d84fec42e45c488705e12973f9,schema=tui-metadata.v3;runtime=agomtui-runtime-0.2.0+9fdceb2691de;ia=2026-07-21,tests/unit/test_tui_workbench.py::test_tui_audit_workbench_preserves_owner_scope_and_admin_evidence_actions,tests/api/test_audit_api_edges.py,live-server filter/preview/generate/error UAT pending,complete,instrumented_awaiting_14d_production_samples,migrated,audit,Codex M3 review,2026-07-26,,apps/audit/interface/views.py:353
apps/audit/templates/audit/review_page.html,audit/review_page.html,route_page,audit,6381188ddef944d090bed08c910991fbf1ce64d497f0427371b253a52804ba9a,audit:audit-page;audit:review,/audit/page/;/audit/review/,apps.audit.interface.views.AuditPageView;apps.audit.interface.views.AuditReviewPageView,GET,apps/audit/templates/audit/review_page.html,audit/base.html,components/classic_tui_migration_banner.html,,,,查看验证摘要近期报告与待复盘回测,authenticated,true,login_required,none_detected,/api/docs/,true,true,false,closed,A,新增认证限量概览适配器且仅序列化用户任务所需字段。,execution.audit,audit.overview,,M3-audit-review-w41,redirect_to_tui,/tui/?screen=execution.audit&action=audit.overview,f05399dde14d93671e61e2c7ecf7b759acd4bfd5,e734b1c6ad07ac15148d8ff1bb018f3ef6de58d84fec42e45c488705e12973f9,schema=tui-metadata.v3;runtime=agomtui-runtime-0.2.0+9fdceb2691de;ia=2026-07-21,tests/unit/test_tui_workbench.py::test_tui_audit_workbench_preserves_owner_scope_and_admin_evidence_actions,tests/api/test_audit_api_edges.py,live-server overview/empty/error UAT pending,complete,instrumented_awaiting_14d_production_samples,migrated,audit,Codex M3 review,2026-07-26,,apps/audit/interface/views.py:317;apps/audit/interface/views.py:329
apps/audit/templates/audit/threshold_validation.html,audit/threshold_validation.html,route_page,audit,52a94294bb65aaf0f4b5f43a616ba190b95bd1de01cac6af0dd2d3f422f4038b,audit:threshold_validation,/audit/threshold-validation/,apps.audit.interface.views.ThresholdValidationPageView,GET,apps/audit/templates/audit/threshold_validation.html,audit/base.html,components/classic_tui_migration_banner.html,,js/audit/threshold-editor.js;vendor/chartjs/chart.umd.min.js,,查看阈值与验证历史并由管理员预览更新或运行验证,authenticated;admin,true,login_required;is_admin_user,confirmed_audited,,true,true,false,closed,B,新增认证阈值/历史 read adapter；管理员写入复用 preview+confirmed owner API。,execution.audit,audit.threshold-list;audit.threshold-history-chart;audit.threshold-update-preview;audit.threshold-update;audit.validation-preview;audit.validation-run;audit.validation-detail,,M4-audit-analytics-w43,redirect_to_tui,/tui/?screen=execution.audit&action=audit.threshold-list,2f0e8cce24243ade60036cfd221c514cc2451bec,e734b1c6ad07ac15148d8ff1bb018f3ef6de58d84fec42e45c488705e12973f9,schema=tui-metadata.v3;runtime=agomtui-runtime-0.2.0+9fdceb2691de;ia=2026-07-21,tests/unit/test_tui_workbench.py::test_tui_audit_analytics_publish_chart_types_and_admin_mutations,tests/api/test_audit_api_edges.py;tests/integration/audit/test_audit_validation_api.py;tests/integration/audit/test_audit_threshold_config_api.py,live-server threshold/chart/preview/run/error UAT pending,complete,instrumented_awaiting_14d_production_samples,migrated,audit,Codex M4 review,2026-07-26,,apps/audit/interface/views.py:417
apps/beta_gate/templates/beta_gate/config.html,beta_gate/config.html,route_page,beta_gate,9a19329738dab7a35aeea9aecb73b79bd8bde6390a3f780b6cf9ac5f4937a291,beta_gate:config,/beta-gate/config/,apps.beta_gate.interface.views.beta_gate_config_view,GET,apps/beta_gate/templates/beta_gate/config.html,base.html,,,css/beta-gate.css,,查看和治理 Beta Gate 配置,admin,true,staff_member_required,none_detected,,false,false,false,closed_existing_owner_api,A,适合通过既有或补齐后的 JSON API 迁入 TUI。,macro-regime.strategy,beta-gate.config-list;beta-gate.config-detail;beta-gate.config-delete;beta-gate.rollback,beta-gate-configs,M2-beta-gate-w13,retain,/tui/?screen=macro-regime.strategy&action=beta-gate.config-list,f05399dde14d93671e61e2c7ecf7b759acd4bfd5,e734b1c6ad07ac15148d8ff1bb018f3ef6de58d84fec42e45c488705e12973f9,schema=tui-metadata.v3;runtime=agomtui-runtime-0.2.0+9fdceb2691de;ia=2026-07-21,tests/unit/test_tui_workbench.py::test_tui_beta_gate_actions_publish_role_and_immutable_config_contracts,tests/api/test_beta_gate_api_edges.py,frontend/tui-workbench/tests/workbench-browser.test.mjs (row actions/confirmation/deep-link contracts),complete,Admin-only config catalog + native row actions + exact Classic link,migrated,beta_gate,Codex M2 wave review,2026-07-26,,Classic page retained during compatibility window; page config governance now staff-only.
apps/beta_gate/templates/beta_gate/config_form.html,beta_gate/config_form.html,route_page,beta_gate,bc4181581feda838f2835e07b03727dc206ab92eaa2d75b830a3cc0052ba48b6,beta_gate:config_edit;beta_gate:config_new,/beta-gate/config/<str:config_id>/edit/;/beta-gate/config/new/,apps.beta_gate.interface.views.beta_gate_config_create_view;apps.beta_gate.interface.views.beta_gate_config_edit_view,GET;POST,apps/beta_gate/templates/beta_gate/config_form.html,base.html,components/json_assistant.html;components/json_assistant_assets.html,,,,创建或以替代版本更新 Beta Gate 配置,admin,true,staff_member_required,POST,/api/beta-gate/config/suggest/,true,false,false,closed_existing_owner_api,A,适合通过既有或补齐后的 JSON API 迁入 TUI。,macro-regime.strategy,beta-gate.config-create;beta-gate.config-update,beta-gate-configs,M2-beta-gate-w13,retain,/tui/?screen=macro-regime.strategy&action={create_or_update},f05399dde14d93671e61e2c7ecf7b759acd4bfd5,e734b1c6ad07ac15148d8ff1bb018f3ef6de58d84fec42e45c488705e12973f9,schema=tui-metadata.v3;runtime=agomtui-runtime-0.2.0+9fdceb2691de;ia=2026-07-21,tests/unit/test_tui_workbench.py::test_tui_beta_gate_actions_publish_role_and_immutable_config_contracts,tests/api/test_beta_gate_api_edges.py,frontend/tui-workbench/tests/workbench-browser.test.mjs (object/list forms and confirmation contracts),complete,Serializer-aligned create + immutable replacement + admin authorization,migrated,beta_gate,Codex M2 wave review,2026-07-26,,Classic create/edit pages retained during compatibility window; JSON suggestion API now staff-only.
apps/beta_gate/templates/beta_gate/test_asset.html,beta_gate/test_asset.html,route_page,beta_gate,1bbcf5c93f2e9342c3de386df4a713bc8d390667bd9eba4fac25fe7b1b6cb9eb,beta_gate:test,/beta-gate/test/,apps.beta_gate.interface.views.beta_gate_test_view,GET,apps/beta_gate/templates/beta_gate/test_asset.html,base.html,,,css/beta-gate.css,,批量测试资产是否通过 Beta Gate,authenticated,true,login_required,none_detected,,true,false,false,closed_existing_owner_api,A,适合通过既有或补齐后的 JSON API 迁入 TUI。,macro-regime.strategy,beta-gate.test-assets,beta-gate;beta-gate-configs,M2-beta-gate-w13,retain,/tui/?screen=macro-regime.strategy&action=beta-gate.test-assets,f05399dde14d93671e61e2c7ecf7b759acd4bfd5,e734b1c6ad07ac15148d8ff1bb018f3ef6de58d84fec42e45c488705e12973f9,schema=tui-metadata.v3;runtime=agomtui-runtime-0.2.0+9fdceb2691de;ia=2026-07-21,tests/unit/test_tui_workbench.py::test_tui_beta_gate_actions_publish_role_and_immutable_config_contracts,tests/api/test_beta_gate_api_edges.py,frontend/tui-workbench/tests/workbench-browser.test.mjs (list form and confirmation contracts),complete,Side-effect-free owner evaluation + authenticated page/API + exact Classic link,migrated,beta_gate,Codex M2 wave review,2026-07-26,,Classic page retained during compatibility window; evaluation remains non-persistent but requires explicit execute confirmation.
apps/beta_gate/templates/beta_gate/version_compare.html,beta_gate/version_compare.html,route_page,beta_gate,fa66642f46ef7de51b310754e542e9e8957824c008d8104e0246869bfe4e2039,beta_gate:version,/beta-gate/version/,apps.beta_gate.interface.views.beta_gate_version_view,GET,apps/beta_gate/templates/beta_gate/version_compare.html,base.html,,,css/beta-gate.css,,对比配置版本并由管理员回滚,authenticated,true,login_required,none_detected,,true,false,false,closed_existing_owner_api,A,适合通过既有或补齐后的 JSON API 迁入 TUI。,macro-regime.strategy,beta-gate.version-compare;beta-gate.rollback,beta-gate-configs,M2-beta-gate-w13,retain,/tui/?screen=macro-regime.strategy&action=beta-gate.version-compare,f05399dde14d93671e61e2c7ecf7b759acd4bfd5,e734b1c6ad07ac15148d8ff1bb018f3ef6de58d84fec42e45c488705e12973f9,schema=tui-metadata.v3;runtime=agomtui-runtime-0.2.0+9fdceb2691de;ia=2026-07-21,tests/unit/test_tui_workbench.py::test_tui_beta_gate_actions_publish_role_and_immutable_config_contracts,tests/api/test_beta_gate_api_edges.py,frontend/tui-workbench/tests/workbench-browser.test.mjs (read deep-link/admin confirmation contracts),complete,Authenticated comparison + admin-only confirmed rollback + exact Classic link,migrated,beta_gate,Codex M2 wave review,2026-07-26,,Classic page retained during compatibility window; read is authenticated and rollback is admin-only.
apps/broker_execution/templates/broker_execution/workbench.html,broker_execution/workbench.html,route_page,broker_execution,4192feff63375c0d846e915d6f1bcc40808f679f99bcf8334f811b7786cebbe9,broker_execution:audit;broker_execution:connection;broker_execution:order-detail;broker_execution:orders;broker_execution:overview;broker_execution:reconciliation;broker_execution:settings,/broker-execution/;/broker-execution/audit/;/broker-execution/connection/;/broker-execution/orders/;/broker-execution/orders/<uuid:client_order_id>/;/broker-execution/reconciliation/;/broker-execution/settings/,apps.broker_execution.interface.views.audit_view;apps.broker_execution.interface.views.connection_view;apps.broker_execution.interface.views.order_detail_view;apps.broker_execution.interface.views.orders_view;apps.broker_execution.interface.views.overview_view;apps.broker_execution.interface.views.reconciliation_view;apps.broker_execution.interface.views.settings_view,GET,apps/broker_execution/templates/broker_execution/workbench.html,base.html,,,,,管理实盘就绪、订单审批、对账、启停、账户接入与凭证轮换,authenticated,true,broker_execution.backend_authorization,preview_confirm_audited,/api/broker-execution/account-access/;/api/broker-execution/bindings/;/api/broker-execution/connections/sync/;/api/broker-execution/credentials/rotate/;/api/broker-execution/kill-switch/;/api/broker-execution/orders/from-advisor-sheet/,true,true,false,closed,A,复用 owner JSON API；管理员接入、绑定、授权、凭证、连接同步与设置均使用预览/确认双动作并由后端继续执行权限校验。,execution.accounts,broker-execution.overview;broker-execution.order-list;broker-execution.order-detail;broker-execution.connection-status;broker-execution.approval-preview;broker-execution.approve-order;broker-execution.reject-preview;broker-execution.reject-order;broker-execution.cancel-preview;broker-execution.request-cancel;broker-execution.reconciliation-list;broker-execution.audit-list;broker-execution.resolve-reconciliation-preview;broker-execution.resolve-reconciliation;broker-execution.kill-switch-preview;broker-execution.trigger-kill-switch;broker-execution.resume-preview;broker-execution.resume-trading;broker-execution.advisor-draft-preview;broker-execution.advisor-draft;broker-execution.agent-binding-preview;broker-execution.agent-binding;broker-execution.account-access-list;broker-execution.account-access-preview;broker-execution.account-access;broker-execution.credential-rotate-preview;broker-execution.credential-rotate;broker-execution.credential-revoke-preview;broker-execution.credential-revoke;broker-execution.connection-sync-preview;broker-execution.connection-sync;broker-execution.settings-preview;broker-execution.settings,,M3-broker-execution-w36,redirect_to_tui,/tui/?screen=execution.accounts&action=broker-execution.overview,f05399dde14d93671e61e2c7ecf7b759acd4bfd5,e734b1c6ad07ac15148d8ff1bb018f3ef6de58d84fec42e45c488705e12973f9,schema=tui-metadata.v3;runtime=agomtui-runtime-0.2.0+9fdceb2691de;ia=2026-07-21,tests/unit/test_tui_workbench.py::test_tui_broker_execution_covers_admin_onboarding_without_raw_json,tests/component/broker_execution,live-server preview/commit and Agent/QMT integration UAT pending,complete,instrumented_awaiting_14d_production_samples,migrated,broker_execution,Codex M3 review,2026-07-26,,apps/broker_execution/interface/views.py:100
apps/config_center/templates/config_center/qlib_center.html,config_center/qlib_center.html,route_page,config_center,d6a5686945040a9d7bc392541efeb0f20ff6a491a90ce25b2eb4873ddf1f473b,config_center_pages:qlib-center,/settings/config-center/qlib/,apps.config_center.interface.views.qlib_config_center_view,GET;POST,apps/config_center/templates/config_center/qlib_center.html,base.html,,,,,config_center: qlib center,admin,true,config_center.backend_authorization,POST,,false,false,false,closed_existing_api_contract,A,适合通过既有或补齐后的 JSON API 迁入 TUI。,system.qlib-center,config_center.qlib_runtime;config_center.qlib_runtime_update;config_center.alpha_universes;config_center.alpha_universe_members;config_center.alpha_universe_save;config_center.training_profiles;config_center.training_profile_save;config_center.training_runs;config_center.training_run_detail;config_center.training_run_trigger,qlib-runtime-status;qlib-alpha-universes;qlib-training-runs,M2-config-center-qlib-w6,retain,/tui/?screen=system.qlib-center&action=config_center.qlib_runtime,f05399dde14d93671e61e2c7ecf7b759acd4bfd5,e734b1c6ad07ac15148d8ff1bb018f3ef6de58d84fec42e45c488705e12973f9,schema=tui-metadata.v3;runtime=agomtui-runtime-0.2.0+9fdceb2691de;ia=2026-07-21,tests/unit/terminal/test_tui_information_architecture.py,tests/component/config_center/test_views.py;tests/api/test_config_center_alpha_universe_api.py,frontend/tui-workbench/tests/workbench-browser.test.mjs (generic structured form/confirmation coverage),complete,Dedicated admin screen + four confirmed mutations + Classic compatibility banner,migrated,config_center,Codex M2 wave review,2026-07-26,,Classic page retained during compatibility window; Qlib runtime/Universe/profile/training tasks close in one TUI screen.
apps/data_center/templates/data_center/base.html,data_center/base.html,layout,data_center,85c4d62734b018ea5fe989c4b9a605a652b28b6ad538c8774e86aee4fd7e6c2e,,,,unknown,apps/data_center/templates/data_center/base.html,,,apps/data_center/templates/data_center/governance.html;apps/data_center/templates/data_center/market_thermometer.html;apps/data_center/templates/data_center/publishers.html;apps/data_center/templates/data_center/universe.html,,,,admin,true,data_center.backend_authorization,none_detected,,false,false,false,review_required,A,适合通过既有或补齐后的 JSON API 迁入 TUI。,api-library.data-center,,,M3,remove_with_consumer,,,e734b1c6ad07ac15148d8ff1bb018f3ef6de58d84fec42e45c488705e12973f9,schema=tui-metadata.v3;runtime=agomtui-runtime-0.2.0+9fdceb2691de;ia=2026-07-21,,,,not_started,,backlog,data_center,Codex M0 inventory review,2026-07-26,,
apps/data_center/templates/data_center/governance.html,data_center/governance.html,route_page,data_center,92607426f5e1f26cf253fae6d13a1ee8cb2062d62b6b13d5ed50664594d59dd5,data_center:dc-governance-page,/data-center/governance/,apps.data_center.interface.views.governance_page,GET;POST,apps/data_center/templates/data_center/governance.html,data_center/base.html,components/classic_tui_migration_banner.html,,,,检查宏观数据治理证据并执行受限修复,admin,true,is_admin_user,confirmed_audited,,false,false,false,closed,A,新增 staff-only typed API并以 allow-list 执行既有 Application 治理动作。,api-library.data-center,data-center.governance-overview;data-center.governance-run,,M3-data-center-governance-w42,redirect_to_tui,/tui/?screen=api-library.data-center&action=data-center.governance-overview,f05399dde14d93671e61e2c7ecf7b759acd4bfd5,e734b1c6ad07ac15148d8ff1bb018f3ef6de58d84fec42e45c488705e12973f9,schema=tui-metadata.v3;runtime=agomtui-runtime-0.2.0+9fdceb2691de;ia=2026-07-21,tests/unit/test_tui_workbench.py::test_tui_data_center_admin_tasks_are_flat_and_hidden_from_regular_users,tests/api/test_data_center_tui_api.py,live-server snapshot/action/error UAT pending,complete,instrumented_awaiting_14d_production_samples,migrated,data_center,Codex M3 review,2026-07-26,,apps/data_center/interface/views.py:73
apps/data_center/templates/data_center/market_thermometer.html,data_center/market_thermometer.html,route_page,data_center,51adaf9395326fa72703050e90d18b137e8fa73e6152b92da0f8458cf99c169c,data_center:dc-market-thermometer-page,/data-center/market-thermometer/,apps.data_center.interface.views.market_thermometer_page,GET,apps/data_center/templates/data_center/market_thermometer.html,data_center/base.html,components/classic_tui_migration_banner.html,,,,查看市场温度并治理配置输入同步重算与开户数导入,admin,true,is_admin_user,confirmed_audited,/api/data-center/market-thermometer/calculate/;/api/data-center/market-thermometer/config/;/api/data-center/market-thermometer/current/;/api/data-center/market-thermometer/import/investor-accounts/;/api/data-center/market-thermometer/sync-inputs/,true,true,false,closed,A,新增扁平阈值配置 adapter并为 CSV 导入拆分 dry-run 与确认写入。,api-library.data-center,data-center.market-thermometer-current;data-center.market-thermometer-config;data-center.market-thermometer-config-update;data-center.market-thermometer-sync;data-center.market-thermometer-calculate;data-center.market-thermometer-import-preview;data-center.market-thermometer-import,,M3-data-center-governance-w42,redirect_to_tui,/tui/?screen=api-library.data-center&action=data-center.market-thermometer-current,f05399dde14d93671e61e2c7ecf7b759acd4bfd5,e734b1c6ad07ac15148d8ff1bb018f3ef6de58d84fec42e45c488705e12973f9,schema=tui-metadata.v3;runtime=agomtui-runtime-0.2.0+9fdceb2691de;ia=2026-07-21,tests/unit/test_tui_workbench.py::test_tui_data_center_admin_tasks_are_flat_and_hidden_from_regular_users,tests/api/test_data_center_tui_api.py;tests/integration/data_center/test_market_thermometer_api.py,live-server config/sync/calculate/import/error UAT pending,complete,instrumented_awaiting_14d_production_samples,migrated,data_center,Codex M3 review,2026-07-26,,apps/data_center/interface/views.py:80
apps/data_center/templates/data_center/monitor.html,data_center/monitor.html,route_page,data_center,1dbe0ae2e4c4ae94e0cd1926aebace96928eee7408e7c9da9eb95ff25424c1e2,data_center:dc-monitor-page,/data-center/monitor/,apps.data_center.interface.views.monitor_page,GET,core/templates/data_center/monitor.html,data_center/base.html,,,,,data_center: monitor,admin,true,data_center.backend_authorization,none_detected,/api/data-center/providers/status/,true,false,false,none_detected,D,Django loader resolves to core/templates/data_center/monitor.html,,,,M0-D,remove_404,,d4d28e7168c83438eb708cddc4cf9e96ba616569,92acf9e42ffcf6b76af5abf368297407870159a66e53876855873e2efabb436c,schema=tui-metadata.v3;runtime=agomtui-runtime-0.2.0+40a52d5a5e8f;ia=2026-07-21,tests/unit/test_web_template_migration_inventory.py,,,not_applicable,django_loader_origin_and_repository_reference_scan,deleted,data_center,Codex M0-D evidence review,2026-07-26,,apps/data_center/interface/views.py:32;loader_shadow_confirmed;no_direct_route;no_template_consumer;M0-D-2026-07-26
apps/data_center/templates/data_center/providers.html,data_center/providers.html,route_page,data_center,f2721102ab596f65352a7007201c2a7b29000da8293dbc3f5bff34f80985da8b,data_center:dc-providers-page,/data-center/providers/,apps.data_center.interface.views.providers_page,GET,core/templates/data_center/providers.html,data_center/base.html,,,,,data_center: providers,admin,true,data_center.backend_authorization,none_detected,/api/data-center/providers/;/api/data-center/settings/,true,false,false,none_detected,D,Django loader resolves to core/templates/data_center/providers.html,,,,M0-D,remove_404,,d4d28e7168c83438eb708cddc4cf9e96ba616569,92acf9e42ffcf6b76af5abf368297407870159a66e53876855873e2efabb436c,schema=tui-metadata.v3;runtime=agomtui-runtime-0.2.0+40a52d5a5e8f;ia=2026-07-21,tests/unit/test_web_template_migration_inventory.py,,,not_applicable,django_loader_origin_and_repository_reference_scan,deleted,data_center,Codex M0-D evidence review,2026-07-26,,apps/data_center/interface/views.py:23;loader_shadow_confirmed;no_direct_route;no_template_consumer;M0-D-2026-07-26
apps/data_center/templates/data_center/publishers.html,data_center/publishers.html,route_page,data_center,d2a860ed81721325d8fc736c202948a9b8f98f103476eefece4249358c70cf61,data_center:dc-publishers-page,/data-center/publishers/,apps.data_center.interface.views.publishers_page,GET,apps/data_center/templates/data_center/publishers.html,data_center/base.html,components/classic_tui_migration_banner.html,,,,筛选并维护发布机构代码名称类别与别名,admin,true,is_admin_user,confirmed_audited,/api/data-center/publishers/,true,false,false,closed,A,复用既有 admin owner CRUD并用 list 类型输入别名。,api-library.data-center,auto.api.get.api.data-center.publishers;data-center.publisher-detail;data-center.publisher-create;data-center.publisher-update;data-center.publisher-delete,,M3-data-center-governance-w42,redirect_to_tui,/tui/?screen=api-library.data-center&action=auto.api.get.api.data-center.publishers,f05399dde14d93671e61e2c7ecf7b759acd4bfd5,e734b1c6ad07ac15148d8ff1bb018f3ef6de58d84fec42e45c488705e12973f9,schema=tui-metadata.v3;runtime=agomtui-runtime-0.2.0+9fdceb2691de;ia=2026-07-21,tests/unit/test_tui_workbench.py::test_tui_data_center_admin_tasks_are_flat_and_hidden_from_regular_users,tests/integration/data_center/test_api.py,live-server CRUD/filter/error UAT pending,complete,instrumented_awaiting_14d_production_samples,migrated,data_center,Codex M3 review,2026-07-26,,apps/data_center/interface/views.py:51
apps/data_center/templates/data_center/universe.html,data_center/universe.html,route_page,data_center,e7d09a8c6312cf3e91bc3be06a860477cf05bec1849c996c3c939dc6f2905791,data_center:dc-universe-page,/data-center/universe/,apps.data_center.interface.views.universe_page,GET,apps/data_center/templates/data_center/universe.html,data_center/base.html,components/classic_tui_migration_banner.html,,,,查看覆盖摘要并更新生产 Universe 与最低覆盖门槛,admin,true,is_admin_user,confirmed_audited,/api/data-center/production-coverage/summary/;/api/data-center/production-coverage/universe/,true,false,false,closed,A,复用既有 admin owner API并以 list 字段表达交易所集合。,api-library.data-center,data-center.universe-config;data-center.universe-summary;data-center.universe-update,,M3-data-center-governance-w42,redirect_to_tui,/tui/?screen=api-library.data-center&action=data-center.universe-config,f05399dde14d93671e61e2c7ecf7b759acd4bfd5,e734b1c6ad07ac15148d8ff1bb018f3ef6de58d84fec42e45c488705e12973f9,schema=tui-metadata.v3;runtime=agomtui-runtime-0.2.0+9fdceb2691de;ia=2026-07-21,tests/unit/test_tui_workbench.py::test_tui_data_center_admin_tasks_are_flat_and_hidden_from_regular_users,tests/api/test_data_center_universe_config_api.py,live-server read/update/error UAT pending,complete,instrumented_awaiting_14d_production_samples,migrated,data_center,Codex M3 review,2026-07-26,,apps/data_center/interface/views.py:42
apps/decision_rhythm/templates/decision_rhythm/quota.html,decision_rhythm/quota.html,route_page,decision_rhythm,d3ea2f7ac56fc87f13f7b2f3f9e75cf0cf4c7a73644e44d0f2fe0a1e77c7408f,decision_rhythm:quota,/decision-rhythm/quota/,apps.decision_rhythm.interface.page_views.decision_rhythm_quota_view,GET,apps/decision_rhythm/templates/decision_rhythm/quota.html,base.html,,,css/decision-rhythm.css,,查看决策与执行配额及使用趋势,authenticated,true,decision_rhythm.backend_authorization,none_detected,,true,false,false,closed_existing_owner_api,A,适合通过既有或补齐后的 JSON API 迁入 TUI。,command-center.decision-flow,decision-rhythm.quota-list;decision-rhythm.quota-trend,decision-quota;decision-quota-trend,M2-decision-rhythm-w11,retain,/tui/?screen=command-center.decision-flow&action=decision-rhythm.quota-list,f05399dde14d93671e61e2c7ecf7b759acd4bfd5,e734b1c6ad07ac15148d8ff1bb018f3ef6de58d84fec42e45c488705e12973f9,schema=tui-metadata.v3;runtime=agomtui-runtime-0.2.0+9fdceb2691de;ia=2026-07-21,tests/unit/test_tui_workbench.py::test_tui_decision_rhythm_actions_publish_role_and_chart_contracts,tests/api/test_decision_rhythm_api_edges.py;tests/guardrails/test_decision_rhythm_api_error_mapping.py,frontend/tui-workbench/tests/workbench-browser.test.mjs (portable chart and deep-link contracts),complete,Authenticated owner reads + portable trend chart + exact Classic deep link,migrated,decision_rhythm,Codex M2 wave review,2026-07-26,,Classic page retained during compatibility window; anonymous access now redirects to login.
apps/decision_rhythm/templates/decision_rhythm/quota_config.html,decision_rhythm/quota_config.html,route_page,decision_rhythm,2f559e36b457f26fce583ede9ade41fe41f0bfe6fd3c36325d56f7e55009880e,decision_rhythm:config,/decision-rhythm/config/,apps.decision_rhythm.interface.page_views.decision_rhythm_config_view,GET,apps/decision_rhythm/templates/decision_rhythm/quota_config.html,base.html,,,css/decision-rhythm.css,,更新或重置账户决策配额,admin,true,staff_member_required,none_detected,,true,false,false,closed_existing_owner_api,A,适合通过既有或补齐后的 JSON API 迁入 TUI。,command-center.decision-flow,decision-rhythm.quota-update;decision-rhythm.quota-reset,decision-quota;decision-quota-trend,M2-decision-rhythm-w11,retain,/tui/?screen=command-center.decision-flow&action=decision-rhythm.quota-update,f05399dde14d93671e61e2c7ecf7b759acd4bfd5,e734b1c6ad07ac15148d8ff1bb018f3ef6de58d84fec42e45c488705e12973f9,schema=tui-metadata.v3;runtime=agomtui-runtime-0.2.0+9fdceb2691de;ia=2026-07-21,tests/unit/test_tui_workbench.py::test_tui_decision_rhythm_actions_publish_role_and_chart_contracts,tests/api/test_decision_rhythm_api_edges.py;tests/guardrails/test_decision_rhythm_api_error_mapping.py,frontend/tui-workbench/tests/workbench-browser.test.mjs (confirmation and deep-link contracts),complete,Admin-only owner writes + explicit confirmation + exact Classic deep link,migrated,decision_rhythm,Codex M2 wave review,2026-07-26,,Classic page retained during compatibility window; page and mutation APIs now enforce admin authorization.
apps/risk_center/templates/risk_center/console.html,risk_center/console.html,route_page,risk_center,e7e3d65ca46ee221a7d59138456260f1f15875b6a82676bb40ba5c42931355b4,risk_center:console,/risk-center/,apps.risk_center.interface.views.risk_center_console_view,GET,apps/risk_center/templates/risk_center/console.html,base.html,,,,,治理全局底线、账户策略、管理员例外并执行交易前与投后风控检查,admin,true,staff_required,update_floor;upsert_policy;create_exception,/api/risk-center/,true,true,false,closed_existing_owner_api,A,既有 12 个 Risk Center runtime action 已覆盖页面读取、预览、日报与确认写入任务。,macro-regime.strategy,risk-center.floor;risk-center.templates;risk-center.account-policies;risk-center.effective-policy;risk-center.exceptions;risk-center.pre-trade-check;risk-center.post-investment-check;risk-center.daily-report;risk-center.daily-report-history;risk-center.update-floor;risk-center.upsert-policy;risk-center.create-exception,,M3-risk-center-w25,retain,/tui/?screen=macro-regime.strategy&action=risk-center.effective-policy,f05399dde14d93671e61e2c7ecf7b759acd4bfd5,e734b1c6ad07ac15148d8ff1bb018f3ef6de58d84fec42e45c488705e12973f9,schema=tui-metadata.v3;runtime=agomtui-runtime-0.2.0+9fdceb2691de;ia=2026-07-21,tests/unit/test_tui_workbench.py::test_tui_risk_center_screen_exposes_read_and_confirmed_write_actions,tests/integration/risk_center/test_api.py,frontend/tui-workbench/tests/workbench-browser.test.mjs (account gate/pre-post checks/confirmed writes/export),complete,Backend owner permission checks remain authoritative; confirmed writes require reason and read tasks preserve account scope,migrated,risk_center,Codex M3 wave review,2026-07-26,,Classic staff page retained during stability window; handwritten JSON rendering and export are replaced by TUI detail/datagrid behavior.
apps/rotation/templates/rotation/account_config.html,rotation/account_config.html,route_page,rotation,cf95228d710a4f50357dc4d4e95973f1689adea60de9cdee3ea96d7ddd4dcacb,rotation:account_configs,/rotation/account-configs/,apps.rotation.interface.views.rotation_account_config_view,GET,apps/rotation/templates/rotation/account_config.html,rotation/base.html,,,rotation/css/quadrant_editor.css;rotation/js/quadrant_editor.js,,管理我的账户轮动配置,authenticated,true,login_required,none_detected,/api/rotation/account-configs/,true,false,false,closed_existing_owner_api,A,适合通过既有或补齐后的 JSON API 迁入 TUI。,macro-regime.strategy,rotation.account-config-list;rotation.account-config-detail;rotation.account-config-by-account;rotation.account-config-create;rotation.account-config-update;rotation.account-config-delete;rotation.account-config-apply-template;rotation.template-list,rotation-account-configs,M2-rotation-user-w16,retain,/tui/?screen=macro-regime.strategy&action=rotation.account-config-list,f05399dde14d93671e61e2c7ecf7b759acd4bfd5,e734b1c6ad07ac15148d8ff1bb018f3ef6de58d84fec42e45c488705e12973f9,schema=tui-metadata.v3;runtime=agomtui-runtime-0.2.0+9fdceb2691de;ia=2026-07-21,tests/unit/test_tui_workbench.py::test_tui_rotation_signal_and_account_actions_preserve_quality_and_user_scope,tests/api/test_rotation_api_edges.py,frontend/tui-workbench/tests/workbench-browser.test.mjs (object form/confirmation/row refresh),complete,User-scoped queryset and foreign mutation rejection + confirmed CRUD/template application,migrated,rotation,Codex M2 wave review,2026-07-26,,Classic page retained; every owner read/write remains scoped to request.user accounts.
apps/rotation/templates/rotation/assets.html,rotation/assets.html,route_page,rotation,e0f3d3dd78d49dc9247ba83fd094616e6dac94ee8310477c722810257bcd1f5a,rotation:assets,/rotation/assets/,apps.rotation.interface.views.rotation_assets_view,GET,apps/rotation/templates/rotation/assets.html,rotation/base.html,,,,,治理轮动资产目录与默认资产,admin,true,staff_member_required,none_detected,/api/rotation/assets/;/api/rotation/assets/import-defaults/,true,true,false,closed_existing_owner_api,A,适合通过既有或补齐后的 JSON API 迁入 TUI。,macro-regime.strategy,rotation.asset-list;rotation.asset-detail;rotation.asset-create;rotation.asset-update;rotation.asset-delete;rotation.asset-import-preview;rotation.asset-import;rotation.asset-prices,rotation-assets,M2-rotation-assets-w14,retain,/tui/?screen=macro-regime.strategy&action=rotation.asset-list,f05399dde14d93671e61e2c7ecf7b759acd4bfd5,e734b1c6ad07ac15148d8ff1bb018f3ef6de58d84fec42e45c488705e12973f9,schema=tui-metadata.v3;runtime=agomtui-runtime-0.2.0+9fdceb2691de;ia=2026-07-21,tests/unit/test_tui_workbench.py::test_tui_rotation_asset_actions_publish_admin_crud_and_import_preview,tests/api/test_rotation_api_edges.py,frontend/tui-workbench/tests/workbench-browser.test.mjs (row actions/confirmation/grid export),complete,Staff-only catalog mutations + preview-before-import + native grid export,migrated,rotation,Codex M2 wave review,2026-07-26,,Classic page retained; TUI F8 exports the current grid and owner endpoint remains available for full JSON/CSV download.
apps/rotation/templates/rotation/base.html,rotation/base.html,layout,rotation,9e9abfd92b45e78369810cb689543bda5b0856e12e582a6963d3950f6b46f1ac,,,,unknown,apps/rotation/templates/rotation/base.html,base.html,components/investment_disclaimer.html,apps/rotation/templates/rotation/account_config.html;apps/rotation/templates/rotation/assets.html;apps/rotation/templates/rotation/configs.html;apps/rotation/templates/rotation/signals.html,css/rotation.css,,,authenticated,true,rotation.backend_authorization,none_detected,,true,false,false,review_required,A,共享布局不对应独立路由；在 Classic Rotation 消费者保留期继续提供兼容，M5 随消费者一并删除。,macro-regime.strategy,,,M5,remove_with_consumer,,,e734b1c6ad07ac15148d8ff1bb018f3ef6de58d84fec42e45c488705e12973f9,schema=tui-metadata.v3;runtime=agomtui-runtime-0.2.0+9fdceb2691de;ia=2026-07-21,,,,not_started,No direct route or independent user task; deletion is gated by retained Classic consumers.,backlog,rotation,Codex M2 wave review,2026-07-26,,Deferred from M2 route migration to M5 consumer cleanup.
apps/rotation/templates/rotation/components/quadrant_editor.html,rotation/components/quadrant_editor.html,partial_component,rotation,278ad73c2a76bd18a62d8edbdc7da5dece46c590b30f5692736961cebc3e49e0,,,,unknown,apps/rotation/templates/rotation/components/quadrant_editor.html,,rotation/components/quadrant_editor.html,apps/rotation/templates/rotation/components/quadrant_editor.html,rotation/css/quadrant_editor.css;rotation/js/quadrant_editor.js,,,authenticated,true,rotation.backend_authorization,none_detected,,true,false,false,review_required,A,共享局部模板不对应独立路由；在 Classic Rotation 消费者保留期继续提供兼容，M5 随消费者一并删除。,macro-regime.strategy,,,M5,remove_with_consumer,,,e734b1c6ad07ac15148d8ff1bb018f3ef6de58d84fec42e45c488705e12973f9,schema=tui-metadata.v3;runtime=agomtui-runtime-0.2.0+9fdceb2691de;ia=2026-07-21,,,,not_started,No direct route or independent user task; deletion is gated by retained Classic consumers.,backlog,rotation,Codex M2 wave review,2026-07-26,,Deferred from M2 route migration to M5 consumer cleanup.
apps/rotation/templates/rotation/configs.html,rotation/configs.html,route_page,rotation,04d8c1d0de065e09324b7cf8304c1b23b0b80825d836c621b751de50ddde676a,rotation:configs,/rotation/configs/,apps.rotation.interface.views.rotation_configs_view,GET,apps/rotation/templates/rotation/configs.html,rotation/base.html,,,,,治理全局轮动策略配置并生成信号,admin,true,staff_member_required,none_detected,/api/rotation/configs/,true,true,false,closed_existing_owner_api,A,适合通过既有或补齐后的 JSON API 迁入 TUI。,macro-regime.strategy,rotation.config-list;rotation.config-detail;rotation.config-create;rotation.config-update;rotation.config-delete;rotation.config-activate;rotation.config-deactivate;rotation.config-generate_signal,rotation-configs,M2-rotation-configs-w15,retain,/tui/?screen=macro-regime.strategy&action=rotation.config-list,f05399dde14d93671e61e2c7ecf7b759acd4bfd5,e734b1c6ad07ac15148d8ff1bb018f3ef6de58d84fec42e45c488705e12973f9,schema=tui-metadata.v3;runtime=agomtui-runtime-0.2.0+9fdceb2691de;ia=2026-07-21,tests/unit/test_tui_workbench.py::test_tui_rotation_config_actions_publish_complete_admin_workflow,tests/api/test_rotation_api_edges.py,frontend/tui-workbench/tests/workbench-browser.test.mjs (object/list forms; row action refresh; confirmation),complete,Full serializer parity + admin-only mutations + confirmed signal generation,migrated,rotation,Codex M2 wave review,2026-07-26,,Classic page retained; account-specific configuration remains a separate user-scoped wave.
apps/rotation/templates/rotation/signals.html,rotation/signals.html,route_page,rotation,99a8e11ea35bb1480a1bb187ff45b269e89a358c5463e5de9b9a75671324d979,rotation:signals,/rotation/signals/,apps.rotation.interface.views.rotation_signals_view,GET,apps/rotation/templates/rotation/signals.html,rotation/base.html,,,,,查看轮动信号质量与可执行性,authenticated,true,login_required,none_detected,,false,false,false,closed_existing_owner_api,A,适合通过既有或补齐后的 JSON API 迁入 TUI。,macro-regime.strategy,rotation.signal-list;rotation.signal-latest;rotation.signal-detail,rotation-signals,M2-rotation-user-w16,retain,/tui/?screen=macro-regime.strategy&action=rotation.signal-list,f05399dde14d93671e61e2c7ecf7b759acd4bfd5,e734b1c6ad07ac15148d8ff1bb018f3ef6de58d84fec42e45c488705e12973f9,schema=tui-metadata.v3;runtime=agomtui-runtime-0.2.0+9fdceb2691de;ia=2026-07-21,tests/unit/test_tui_workbench.py::test_tui_rotation_signal_and_account_actions_preserve_quality_and_user_scope,tests/api/test_rotation_api_edges.py,frontend/tui-workbench/tests/workbench-browser.test.mjs (datagrid filters/deep-link),complete,Freshness data-quality actionable and block-reason fields preserved in owner results,migrated,rotation,Codex M2 wave review,2026-07-26,,Classic page retained; TUI surfaces quality/staleness before any execution decision.
apps/setup_wizard/templates/setup_wizard/auth.html,setup_wizard/auth.html,external,setup_wizard,a1051db3b0cf908db4d6722e2cbfa01e6fb35e3d2e0ade19a207ce817f1ce8ce,setup_wizard:auth;setup_wizard:wizard,/setup/;/setup/auth/,apps.setup_wizard.interface.views.SetupAuthView;apps.setup_wizard.interface.views.SetupWizardView,GET;POST,apps/setup_wizard/templates/setup_wizard/auth.html,base.html,,,,,,external_or_mixed,unknown,setup_wizard.backend_authorization,none_detected,,false,false,false,not_applicable,C,一次性初始化流程继续使用 Web 引导。,,,,retained,retain,,,e734b1c6ad07ac15148d8ff1bb018f3ef6de58d84fec42e45c488705e12973f9,schema=tui-metadata.v3;runtime=agomtui-runtime-0.2.0+9fdceb2691de;ia=2026-07-21,,,,not_applicable,,retained,setup_wizard,Codex M0 inventory review,2026-07-26,,apps/setup_wizard/interface/views.py:117;apps/setup_wizard/interface/views.py:39
apps/setup_wizard/templates/setup_wizard/steps/admin_password.html,setup_wizard/steps/admin_password.html,external,setup_wizard,f28a07539b6448877ab6009296e2a42685cfb620aa4395bf91c9f0a95e36af8b,,,,unknown,apps/setup_wizard/templates/setup_wizard/steps/admin_password.html,,,apps/setup_wizard/templates/setup_wizard/wizard.html,,,,external_or_mixed,unknown,setup_wizard.backend_authorization,none_detected,,false,false,false,not_applicable,C,一次性初始化流程继续使用 Web 引导。,,,,retained,retain,,,e734b1c6ad07ac15148d8ff1bb018f3ef6de58d84fec42e45c488705e12973f9,schema=tui-metadata.v3;runtime=agomtui-runtime-0.2.0+9fdceb2691de;ia=2026-07-21,,,,not_applicable,,retained,setup_wizard,Codex M0 inventory review,2026-07-26,,
apps/setup_wizard/templates/setup_wizard/steps/ai_provider.html,setup_wizard/steps/ai_provider.html,external,setup_wizard,6b7b6c30b9c450b15c289b0b1da1b29b2894013e806f1c309959a93d04958cc4,,,,unknown,apps/setup_wizard/templates/setup_wizard/steps/ai_provider.html,,,apps/setup_wizard/templates/setup_wizard/wizard.html,,,,external_or_mixed,unknown,setup_wizard.backend_authorization,none_detected,,true,false,false,not_applicable,C,一次性初始化流程继续使用 Web 引导。,,,,retained,retain,,,e734b1c6ad07ac15148d8ff1bb018f3ef6de58d84fec42e45c488705e12973f9,schema=tui-metadata.v3;runtime=agomtui-runtime-0.2.0+9fdceb2691de;ia=2026-07-21,,,,not_applicable,,retained,setup_wizard,Codex M0 inventory review,2026-07-26,,
apps/setup_wizard/templates/setup_wizard/steps/complete.html,setup_wizard/steps/complete.html,external,setup_wizard,1c28b808924db8c9c5acb10f4099350971b942f95d3cdc2a2cbe3b0272d6cb5f,,,,unknown,apps/setup_wizard/templates/setup_wizard/steps/complete.html,,,apps/setup_wizard/templates/setup_wizard/wizard.html,,,,external_or_mixed,unknown,setup_wizard.backend_authorization,none_detected,,false,false,false,not_applicable,C,一次性初始化流程继续使用 Web 引导。,,,,retained,retain,,,e734b1c6ad07ac15148d8ff1bb018f3ef6de58d84fec42e45c488705e12973f9,schema=tui-metadata.v3;runtime=agomtui-runtime-0.2.0+9fdceb2691de;ia=2026-07-21,,,,not_applicable,,retained,setup_wizard,Codex M0 inventory review,2026-07-26,,
apps/setup_wizard/templates/setup_wizard/steps/data_source.html,setup_wizard/steps/data_source.html,external,setup_wizard,51d32c1575907867e897c3976dd374d33944fd5cc830fc7f67a932466e0a7a3f,,,,unknown,apps/setup_wizard/templates/setup_wizard/steps/data_source.html,,,apps/setup_wizard/templates/setup_wizard/wizard.html,,,,external_or_mixed,unknown,setup_wizard.backend_authorization,none_detected,,false,false,false,not_applicable,C,一次性初始化流程继续使用 Web 引导。,,,,retained,retain,,,e734b1c6ad07ac15148d8ff1bb018f3ef6de58d84fec42e45c488705e12973f9,schema=tui-metadata.v3;runtime=agomtui-runtime-0.2.0+9fdceb2691de;ia=2026-07-21,,,,not_applicable,,retained,setup_wizard,Codex M0 inventory review,2026-07-26,,
apps/setup_wizard/templates/setup_wizard/steps/welcome.html,setup_wizard/steps/welcome.html,external,setup_wizard,8754cc188aa1cd8835196c282676a5b1d3dce52c2e3e8bc09cd2e648efb6692c,,,,unknown,apps/setup_wizard/templates/setup_wizard/steps/welcome.html,,,apps/setup_wizard/templates/setup_wizard/wizard.html,,,,external_or_mixed,unknown,setup_wizard.backend_authorization,none_detected,,false,false,false,not_applicable,C,一次性初始化流程继续使用 Web 引导。,,,,retained,retain,,,e734b1c6ad07ac15148d8ff1bb018f3ef6de58d84fec42e45c488705e12973f9,schema=tui-metadata.v3;runtime=agomtui-runtime-0.2.0+9fdceb2691de;ia=2026-07-21,,,,not_applicable,,retained,setup_wizard,Codex M0 inventory review,2026-07-26,,
apps/setup_wizard/templates/setup_wizard/wizard.html,setup_wizard/wizard.html,external,setup_wizard,a617a926551a76f8458c51c375a33388b16ad46851b6f65234bfc118fa264818,setup_wizard:wizard,/setup/,apps.setup_wizard.interface.views.SetupWizardView,GET,apps/setup_wizard/templates/setup_wizard/wizard.html,base.html,setup_wizard/steps/admin_password.html;setup_wizard/steps/ai_provider.html;setup_wizard/steps/complete.html;setup_wizard/steps/data_source.html;setup_wizard/steps/welcome.html,,,,,external_or_mixed,unknown,setup_wizard.backend_authorization,none_detected,,true,false,false,not_applicable,C,一次性初始化流程继续使用 Web 引导。,,,,retained,retain,,,e734b1c6ad07ac15148d8ff1bb018f3ef6de58d84fec42e45c488705e12973f9,schema=tui-metadata.v3;runtime=agomtui-runtime-0.2.0+9fdceb2691de;ia=2026-07-21,,,,not_applicable,,retained,setup_wizard,Codex M0 inventory review,2026-07-26,,apps/setup_wizard/interface/views.py:38
apps/task_monitor/templates/task_monitor/readiness_monitor.html,task_monitor/readiness_monitor.html,route_page,task_monitor,3c340ad963571ff6cb7ec28a64cb7bc7a1ab369f891ea0e3296ca1ee40b32033,task_monitor_pages:readiness_monitor_page,/ops/task-monitor/readiness/,apps.task_monitor.interface.page_views.readiness_monitor_page_view,GET;POST,apps/task_monitor/templates/task_monitor/readiness_monitor.html,base.html,,,,apps/task_monitor/interface/page_views.py:113,查看验收窗口、调度、数据覆盖和决策阻断并维护调度时间,admin,true,staff_required,configure_readiness_schedule,,true,false,false,closed_owner_api,A,管理员 readiness 读写 API 已复用 Application service 并保持严格运行态选项。,api-library.data-center,task-monitor.readiness;task-monitor.readiness-schedule;task-monitor.readiness-schedule-update,task-monitor-readiness,M3-task-monitor-w21,retain,/tui/?screen=api-library.data-center&action=task-monitor.readiness,f05399dde14d93671e61e2c7ecf7b759acd4bfd5,e734b1c6ad07ac15148d8ff1bb018f3ef6de58d84fec42e45c488705e12973f9,schema=tui-metadata.v3;runtime=agomtui-runtime-0.2.0+9fdceb2691de;ia=2026-07-21,tests/unit/test_tui_workbench.py::test_tui_task_monitor_actions_publish_admin_readiness_and_scheduler_contracts,tests/api/test_task_monitor_api.py,frontend/tui-workbench/tests/workbench-browser.test.mjs (readiness strict/schedule update),complete,Readiness status preserves window coverage scheduling and decision blocking evidence,migrated,task_monitor,Codex M3 wave review,2026-07-26,,Classic page retained during stability window.
apps/task_monitor/templates/task_monitor/scheduler_console.html,task_monitor/scheduler_console.html,route_page,task_monitor,d2c37c934e2c3c8e23f3cb50bca9d3d94b2fedcb8aeefa3bead86df03f4574f0,task_monitor_pages:scheduler_console,/ops/task-monitor/,apps.task_monitor.interface.page_views.scheduler_console_view,GET;POST,apps/task_monitor/templates/task_monitor/scheduler_console.html,base.html,,,,apps/task_monitor/interface/page_views.py:75,查看计划任务、执行记录、Celery 健康和维护状态并初始化默认调度,admin,true,staff_required,bootstrap_defaults;configure_readiness_schedule,,true,false,false,closed_owner_api,A,管理员有界调度目录与初始化 API 已补齐并复用既有 Task Monitor 用例。,api-library.data-center,task-monitor.dashboard;task-monitor.scheduler-catalog;task-monitor.task-list;task-monitor.task-detail;task-monitor.statistics;task-monitor.celery-health;task-monitor.scheduler-bootstrap,task-monitor-executions,M3-task-monitor-w21,retain,/tui/?screen=api-library.data-center&action=task-monitor.scheduler-catalog,f05399dde14d93671e61e2c7ecf7b759acd4bfd5,e734b1c6ad07ac15148d8ff1bb018f3ef6de58d84fec42e45c488705e12973f9,schema=tui-metadata.v3;runtime=agomtui-runtime-0.2.0+9fdceb2691de;ia=2026-07-21,tests/unit/test_tui_workbench.py::test_tui_task_monitor_actions_publish_admin_readiness_and_scheduler_contracts,tests/api/test_task_monitor_api.py,frontend/tui-workbench/tests/workbench-browser.test.mjs (catalog/task detail/bootstrap),complete,Scheduler payload is bounded to 200 rows and preserves failure health and maintenance summaries,migrated,task_monitor,Codex M3 wave review,2026-07-26,,Classic page retained during stability window; page polling is not copied into metadata.
core/templates/404.html,404.html,error,core,ec38c31441baeda9515fa81b448e64072c30bd67a93e77f1b2d0fcb12e4b42ed,,,,unknown,core/templates/404.html,base.html,,,,,,authenticated,true,core.backend_authorization,none_detected,,false,false,false,not_applicable,C,保留页面和错误响应仍需要共同基座。,,,,retained,retain,,,e734b1c6ad07ac15148d8ff1bb018f3ef6de58d84fec42e45c488705e12973f9,schema=tui-metadata.v3;runtime=agomtui-runtime-0.2.0+9fdceb2691de;ia=2026-07-21,,,,not_applicable,,retained,core,Codex M0 inventory review,2026-07-26,,
core/templates/500.html,500.html,error,core,a848e0c2391864f3740bb6be8f494f93367d69f7d2b5ed8b27d82fd00c65114e,,,,unknown,core/templates/500.html,base.html,,,,,,authenticated,true,core.backend_authorization,none_detected,,false,false,false,not_applicable,C,保留页面和错误响应仍需要共同基座。,,,,retained,retain,,,e734b1c6ad07ac15148d8ff1bb018f3ef6de58d84fec42e45c488705e12973f9,schema=tui-metadata.v3;runtime=agomtui-runtime-0.2.0+9fdceb2691de;ia=2026-07-21,,,,not_applicable,,retained,core,Codex M0 inventory review,2026-07-26,,
core/templates/account/collaboration.html,account/collaboration.html,external,account,f8b2cc20f85f78b3c09e9fd44e0fb3e52860dd5623beb3d76f9aff0f92ca15f5,account:collaboration,/account/collaboration/,apps.account.interface.views.collaboration_view,GET,core/templates/account/collaboration.html,base.html,,,css/account.css,,,external_or_mixed,unknown,account.backend_authorization,none_detected,/api/account/observer-grants/,true,true,false,none_detected,C,面向观察者和协作者，不属于日常操作工作台。,,,,retained,retain,,,e734b1c6ad07ac15148d8ff1bb018f3ef6de58d84fec42e45c488705e12973f9,schema=tui-metadata.v3;runtime=agomtui-runtime-0.2.0+9fdceb2691de;ia=2026-07-21,,,,not_applicable,,retained,account,Codex M0 inventory review,2026-07-26,,apps/account/interface/views.py:821
core/templates/account/create_simulated_account.html,account/create_simulated_account.html,route_page,account,31db2ab7050a7d109b3c967bae47be91bceef78dbc823dcaad0886c1d5d85d17,,,,unknown,core/templates/account/create_simulated_account.html,base.html,,,,,account: create simulated account,authenticated,true,account.backend_authorization,none_detected,,true,false,false,not_applicable,D,Owning view was retired; creation moved to simulated_trading my-accounts.,,,,M0-D,remove_404,,d4d28e7168c83438eb708cddc4cf9e96ba616569,92acf9e42ffcf6b76af5abf368297407870159a66e53876855873e2efabb436c,schema=tui-metadata.v3;runtime=agomtui-runtime-0.2.0+40a52d5a5e8f;ia=2026-07-21,tests/unit/test_web_template_migration_inventory.py;tests/component/test_route_name_compatibility.py;tests/component/test_template_rendering.py,,,not_applicable,django_url_resolver_loader_origin_and_repository_reference_scan,deleted,account,Codex M0-D evidence review,2026-07-26,,no_runtime_consumer;M0-D-2026-07-26
core/templates/account/login.html,account/login.html,route_page,account,c1812c7833836fa7ec490817d74fd191b2c95b25e932e40996ac995d9e171dcd,account:login,/account/login/,apps.account.interface.views.login_view,GET;POST,core/templates/account/login.html,base_auth.html,,,css/account.css,,account: login,authenticated,true,account.backend_authorization,POST,,true,false,false,review_required,C,登录与注册发生在认证之前，不能依赖需要已认证会话的 TUI shell。,,,,C-retained-authentication-entry,retain,,,e734b1c6ad07ac15148d8ff1bb018f3ef6de58d84fec42e45c488705e12973f9,schema=tui-metadata.v3;runtime=agomtui-runtime-0.2.0+9fdceb2691de;ia=2026-07-21,,,,retained_web_boundary,,retained,account,Codex M2 authentication boundary review,2026-07-26,,apps/account/interface/views.py:266; pre-authentication boundary retained by design
core/templates/account/mcp_guide.html,account/mcp_guide.html,route_page,account,9bbfc32934043fc49967cd31e0594e18ea354a0b7e9849e133a515f7e3fbf0cd,account:mcp_guide,/account/mcp/,apps.account.interface.views.mcp_guide_view,GET,core/templates/account/mcp_guide.html,base.html,,,,,account: mcp guide,authenticated,true,account.backend_authorization,none_detected,/api/docs/,true,false,false,none_detected,A,适合通过既有或补齐后的 JSON API 迁入 TUI。,capability-router.self-service,capability-router.mcp-self-status;capability-router.verify-my-mcp-access;capability-router.list-my-mcp-tokens;capability-router.create-my-mcp-token;capability-router.revoke-my-mcp-token,mcp-create-token;mcp-access-package;mcp-access-verification;mcp-self-tokens,M2-account-mcp-w1,retain,/tui/?screen=capability-router.self-service,f05399dde14d93671e61e2c7ecf7b759acd4bfd5,e734b1c6ad07ac15148d8ff1bb018f3ef6de58d84fec42e45c488705e12973f9,schema=tui-metadata.v3;runtime=agomtui-runtime-0.2.0+9fdceb2691de;ia=2026-07-21,tests/unit/test_tui_workbench.py MCP self-service focused,tests/integration/account/test_mcp_guide_view.py,covered by existing MCP self-service browser/geometry contract; dedicated wave UAT pending M5 cutover,complete,compatibility banner + canonical TUI deep link; 8 focused tests passed,migrated,account,Codex M2 wave review,2026-07-26,,apps/account/interface/views.py:347
core/templates/account/observer_portal.html,account/observer_portal.html,external,account,8dec18f76f29170a5577ce3e210559d936c626cb6fe2098d24fcde0b66c9c184,account:observer_portal,/account/observer/,apps.account.interface.views.observer_portal_view,GET,core/templates/account/observer_portal.html,base.html,,,,,,external_or_mixed,unknown,account.backend_authorization,none_detected,/api/account/,true,false,false,none_detected,C,面向观察者和协作者，不属于日常操作工作台。,,,,retained,retain,,,e734b1c6ad07ac15148d8ff1bb018f3ef6de58d84fec42e45c488705e12973f9,schema=tui-metadata.v3;runtime=agomtui-runtime-0.2.0+9fdceb2691de;ia=2026-07-21,,,,not_applicable,,retained,account,Codex M0 inventory review,2026-07-26,,apps/account/interface/views.py:836
core/templates/account/profile.html,account/profile.html,route_page,account,7f923574f5019c332281f2973084a2bfcf8ac343cfdcf9e1278dc1b4d05f3256,account:profile,/account/profile/,apps.account.interface.views.profile_view,GET,core/templates/account/profile.html,base.html,components/classic_tui_migration_banner.html,,css/account.css;vendor/chartjs/chart.umd.min.js;widgets/configs/account_widget.json,,account: profile,authenticated,true,account.backend_authorization,none_detected,,true,false,false,none_detected,B,检测到生产图表/Canvas 标记，依赖 M1 renderer 契约。,execution.accounts,account.overview-profile;account.portfolio-volatility-summary;account.portfolio-volatility-chart,,M4-account-overview-w45,redirect_to_tui,/tui/?screen=execution.accounts,2f0e8cce24243ade60036cfd221c514cc2451bec,e734b1c6ad07ac15148d8ff1bb018f3ef6de58d84fec42e45c488705e12973f9,schema=tui-metadata.v3;runtime=agomtui-runtime-0.2.0+9fdceb2691de;ia=2026-07-21,tests/unit/test_tui_workbench.py,tests/api/test_account_api_edges.py,live-server profile and volatility chart UAT pending,implemented,instrumented_awaiting_14d_production_samples,migrated,account,Codex M4 review,2026-07-26,,Account overview reuses existing owned account actions;volatility values are charted as percentages
core/templates/account/register.html,account/register.html,route_page,account,0809b9bb322b4e6e9efc6a17e243b8454a36f8b7c371985167a1c6be4fe20307,account:register,/account/register/,apps.account.interface.views.register_view,GET;POST,core/templates/account/register.html,base_auth.html,,,css/account.css,,account: register,authenticated,true,account.backend_authorization,POST,,true,false,false,review_required,C,登录与注册发生在认证之前，不能依赖需要已认证会话的 TUI shell。,,,,C-retained-authentication-entry,retain,,,e734b1c6ad07ac15148d8ff1bb018f3ef6de58d84fec42e45c488705e12973f9,schema=tui-metadata.v3;runtime=agomtui-runtime-0.2.0+9fdceb2691de;ia=2026-07-21,,,,retained_web_boundary,,retained,account,Codex M2 authentication boundary review,2026-07-26,,apps/account/interface/views.py:125;apps/account/interface/views.py:135;apps/account/interface/views.py:145;apps/account/interface/views.py:156;apps/account/interface/views.py:166;apps/account/interface/views.py:203;apps/account/interface/views.py:213;apps/account/interface/views.py:221; pre-authentication boundary retained by design
core/templates/account/settings.html,account/settings.html,route_page,account,f0b0b42714d00117810684f2e3774dd2b62935f69fceef633e9658bf9badf1e7,account:settings,/account/settings/,apps.account.interface.views.settings_view,GET;POST,core/templates/account/settings.html,base.html,,,css/account.css,,account: settings,authenticated,true,account.backend_authorization,POST,,true,false,false,closed_owner_api_slice,A,适合通过既有或补齐后的 JSON API 迁入 TUI。,account.self-service,account-settings.read-profile;account-settings.update-profile;account-settings.change-password;account-settings.list-capital-flows;account-settings.create-capital-flow;account-settings.delete-capital-flow;account-settings.list-trading-costs;account-settings.create-trading-cost,account-profile;capital-flows;trading-costs;account-settings-receipt,M2-account-self-service-w4,retain,/tui/?screen=account.self-service,f05399dde14d93671e61e2c7ecf7b759acd4bfd5,e734b1c6ad07ac15148d8ff1bb018f3ef6de58d84fec42e45c488705e12973f9,schema=tui-metadata.v3;runtime=agomtui-runtime-0.2.0+9fdceb2691de;ia=2026-07-21,tests/unit/terminal/test_tui_information_architecture.py,tests/api/test_account_api_edges.py;tests/integration/account/test_profile_view.py;tests/integration/account/test_trading_cost_config_api.py,frontend/tui-workbench/tests/workbench-browser.test.mjs::password fields render as masked controls and keep values out of markup,complete,Profile/password owner API receipts + masked password controls + Classic compatibility banner,migrated,account,Codex M0 inventory review,2026-07-26,,Classic page retained during compatibility window; TUI closes profile/password/capital-flow/trading-cost tasks.
core/templates/account/system_settings.html,account/system_settings.html,route_page,account,a6ec0ecfd6a0151872e553190278ed858b8cd2163e7ef2dc904d4dfe23019a55,account:system_settings,/account/admin/settings/,apps.account.interface.views.system_settings_view,GET;POST,core/templates/account/system_settings.html,base.html,,,css/admin-shell.css,,account: system settings,admin,true,account.backend_authorization,POST,,true,false,false,closed_owner_api_slice,A,适合通过既有或补齐后的 JSON API 迁入 TUI。,system.settings,system-settings.read;system-settings.update,system-settings-current;system-settings-receipt,M2-config-center-system-settings-w5,retain,/tui/?screen=system.settings,f05399dde14d93671e61e2c7ecf7b759acd4bfd5,e734b1c6ad07ac15148d8ff1bb018f3ef6de58d84fec42e45c488705e12973f9,schema=tui-metadata.v3;runtime=agomtui-runtime-0.2.0+9fdceb2691de;ia=2026-07-21,tests/unit/terminal/test_tui_information_architecture.py,tests/integration/test_config_center_api.py,frontend/tui-workbench/tests/workbench-browser.test.mjs (structured form + confirmation runtime coverage),complete,Config-center owner API allowlist + confirmed admin TUI update + Classic compatibility banner,migrated,account,Codex M0 inventory review,2026-07-26,,Classic page retained during compatibility window; config_center owns the read/update contract.
core/templates/account/token_management.html,account/token_management.html,route_page,account,68d989e5435a9f9bda2211d884613e8405cd81ada0e9973c9aa05afcd0d0d9ef,account:token_management,/account/admin/tokens/,apps.account.interface.views.token_management_view,GET,core/templates/account/token_management.html,base.html,,,css/admin-shell.css,,account: token management,admin,true,account.backend_authorization,none_detected,,true,false,false,closed_existing_contract,A,适合通过既有或补齐后的 JSON API 迁入 TUI。,capability-router.admin-access,capability-router.mcp-admin-users;capability-router.mcp-admin-user-detail;capability-router.admin-create-mcp-token;capability-router.admin-toggle-user-mcp;capability-router.admin-revoke-user-mcp-tokens;capability-router.admin-revoke-mcp-token,mcp-admin-users;mcp-admin-user-workspace,M2-account-mcp-admin-w2,retain,/tui/?screen=capability-router.admin-access,f05399dde14d93671e61e2c7ecf7b759acd4bfd5,e734b1c6ad07ac15148d8ff1bb018f3ef6de58d84fec42e45c488705e12973f9,schema=tui-metadata.v3;runtime=agomtui-runtime-0.2.0+9fdceb2691de;ia=2026-07-21,tests/unit/test_tui_workbench.py,tests/api/test_account_api_edges.py;tests/integration/test_config_center_api.py,frontend/tui-workbench/tests/workbench-browser.test.mjs (row actions/write refresh contract),complete,Classic compatibility banner + canonical admin MCP screen/action contract,migrated,account,Codex M0 inventory review,2026-07-26,,Classic page retained during compatibility window; TUI closes list/filter/detail/create/toggle/revoke-all/revoke-one tasks.
core/templates/account/user_management.html,account/user_management.html,route_page,account,a06b3c1462eec5a612b407913cb6d76e7fa743ad17a22befcf76326edeb40d6e,account:user_management,/account/admin/users/,apps.account.interface.views.user_management_view,GET,core/templates/account/user_management.html,base.html,,,css/admin-shell.css,,account: user management,admin,true,account.backend_authorization,none_detected,,true,false,false,closed_owner_api_slice,A,适合通过既有或补齐后的 JSON API 迁入 TUI。,identity-access.user-governance,identity-access.user-list;identity-access.approve-user;identity-access.reject-user;identity-access.reset-user;identity-access.set-user-role,user-access-list;user-access-receipt,M2-account-user-access-w3,retain,/tui/?screen=identity-access.user-governance,f05399dde14d93671e61e2c7ecf7b759acd4bfd5,e734b1c6ad07ac15148d8ff1bb018f3ef6de58d84fec42e45c488705e12973f9,schema=tui-metadata.v3;runtime=agomtui-runtime-0.2.0+9fdceb2691de;ia=2026-07-21,tests/unit/terminal/test_tui_information_architecture.py,tests/api/test_account_api_edges.py;tests/integration/test_config_center_api.py,frontend/tui-workbench/tests/workbench-browser.test.mjs::admin governance row action shows a receipt and refreshes the source panel,complete,Owner API mutation receipts + refreshed governance payload + Classic compatibility banner,migrated,account,Codex M0 inventory review,2026-07-26,,Classic page retained during compatibility window; admin-only TUI closes filter/approve/reject/reset/role tasks.
core/templates/admin/alpha/qlibmodelregistry/change_list.html,admin/alpha/qlibmodelregistry/change_list.html,admin,admin,d7c8cc552e01097756c966746543124898a8aa7a5449d0d6e412f087a2305bff,,,,unknown,core/templates/admin/alpha/qlibmodelregistry/change_list.html,admin/change_list.html,,,,,,admin,true,admin.backend_authorization,none_detected,,false,true,false,not_applicable,C,Django Admin 生态依赖模板扩展机制。,,,,retained,retain,,,e734b1c6ad07ac15148d8ff1bb018f3ef6de58d84fec42e45c488705e12973f9,schema=tui-metadata.v3;runtime=agomtui-runtime-0.2.0+9fdceb2691de;ia=2026-07-21,,,,not_applicable,,retained,admin,Codex M0 inventory review,2026-07-26,,apps/alpha/admin.py:155
core/templates/admin/alpha/qlibmodelregistry/import_form.html,admin/alpha/qlibmodelregistry/import_form.html,admin,admin,40ab124c0c06314f495ba81c962ced655b54de3d46f064896d662c3a7d15e7ac,,,,unknown,core/templates/admin/alpha/qlibmodelregistry/import_form.html,admin/base_site.html,,,,,,admin,true,admin.backend_authorization,none_detected,,false,true,false,not_applicable,C,Django Admin 生态依赖模板扩展机制。,,,,retained,retain,,,e734b1c6ad07ac15148d8ff1bb018f3ef6de58d84fec42e45c488705e12973f9,schema=tui-metadata.v3;runtime=agomtui-runtime-0.2.0+9fdceb2691de;ia=2026-07-21,,,,not_applicable,,retained,admin,Codex M0 inventory review,2026-07-26,,apps/alpha/admin.py:272
core/templates/admin/alpha/qlibmodelregistry/train_form.html,admin/alpha/qlibmodelregistry/train_form.html,admin,admin,383cb905ad6fbbaa086d5561c0c4add3facf6edbd94760c8ac0d42dca0f1f7ab,,,,unknown,core/templates/admin/alpha/qlibmodelregistry/train_form.html,admin/base_site.html,,,,,,admin,true,admin.backend_authorization,none_detected,,false,false,false,not_applicable,C,Django Admin 生态依赖模板扩展机制。,,,,retained,retain,,,e734b1c6ad07ac15148d8ff1bb018f3ef6de58d84fec42e45c488705e12973f9,schema=tui-metadata.v3;runtime=agomtui-runtime-0.2.0+9fdceb2691de;ia=2026-07-21,,,,not_applicable,,retained,admin,Codex M0 inventory review,2026-07-26,,apps/alpha/admin.py:369
core/templates/admin/alpha/qlibmodelregistry/train_queued.html,admin/alpha/qlibmodelregistry/train_queued.html,admin,admin,078be1feb3f5ec614d5a445fb9a6d123c7fba9d907f10a0b477fb4182e7a1a1d,,,,unknown,core/templates/admin/alpha/qlibmodelregistry/train_queued.html,admin/base_site.html,,,,,,admin,true,admin.backend_authorization,none_detected,,false,false,false,not_applicable,C,Django Admin 生态依赖模板扩展机制。,,,,retained,retain,,,e734b1c6ad07ac15148d8ff1bb018f3ef6de58d84fec42e45c488705e12973f9,schema=tui-metadata.v3;runtime=agomtui-runtime-0.2.0+9fdceb2691de;ia=2026-07-21,,,,not_applicable,,retained,admin,Codex M0 inventory review,2026-07-26,,apps/alpha/admin.py:360
core/templates/admin/alpha/qlibmodelregistry/validation_result.html,admin/alpha/qlibmodelregistry/validation_result.html,admin,admin,df22cef46c1a49ce105d6ad1427d7219e403a85f1b5b10f53547585bd01df515,,,,unknown,core/templates/admin/alpha/qlibmodelregistry/validation_result.html,admin/base_site.html,,,,,,admin,true,admin.backend_authorization,none_detected,,false,false,false,not_applicable,C,Django Admin 生态依赖模板扩展机制。,,,,retained,retain,,,e734b1c6ad07ac15148d8ff1bb018f3ef6de58d84fec42e45c488705e12973f9,schema=tui-metadata.v3;runtime=agomtui-runtime-0.2.0+9fdceb2691de;ia=2026-07-21,,,,not_applicable,,retained,admin,Codex M0 inventory review,2026-07-26,,apps/alpha/admin.py:302
core/templates/admin/base.html,admin/base.html,admin,admin,672d1597e687db9a5fd495a1871a3a8839173913573f0a7ab4074205bf7cd9d2,,,,unknown,core/templates/admin/base.html,admin/base.html,,core/templates/admin/base.html,css/admin.css,,,admin,true,admin.backend_authorization,none_detected,,false,false,false,not_applicable,C,Django Admin 生态依赖模板扩展机制。,,,,retained,retain,,,e734b1c6ad07ac15148d8ff1bb018f3ef6de58d84fec42e45c488705e12973f9,schema=tui-metadata.v3;runtime=agomtui-runtime-0.2.0+9fdceb2691de;ia=2026-07-21,,,,not_applicable,,retained,admin,Codex M0 inventory review,2026-07-26,,
core/templates/admin/docs_edit.html,admin/docs_edit.html,admin,admin,3d8f6b5f0e73b4caceb6679e9027c0d6ce63b2aeba32fc34a21cdcff34c368c2,admin-docs-create;admin-docs-edit,/admin/docs/edit/;/admin/docs/edit/<int:doc_id>/,apps.account.interface.documentation_views.doc_edit,GET;POST,core/templates/admin/docs_edit.html,base.html,,,css/admin-shell.css;vendor/marked/marked.min.js,,,admin,true,admin.backend_authorization,POST,,true,false,false,not_applicable,C,Django Admin 生态依赖模板扩展机制。,,,,retained,retain,,,e734b1c6ad07ac15148d8ff1bb018f3ef6de58d84fec42e45c488705e12973f9,schema=tui-metadata.v3;runtime=agomtui-runtime-0.2.0+9fdceb2691de;ia=2026-07-21,,,,not_applicable,,retained,admin,Codex M0 inventory review,2026-07-26,,apps/account/interface/documentation_views.py:83
core/templates/admin/docs_manage.html,admin/docs_manage.html,admin,admin,78c1ca50bc51b5fe01a5b96a400ee501c5ead5bfb8cfb4f5cd2ea35a681645bf,admin-docs-manage,/admin/docs/manage/,apps.account.interface.documentation_views.docs_manage,GET,core/templates/admin/docs_manage.html,base.html,,,css/admin-shell.css,,,admin,true,admin.backend_authorization,none_detected,,true,true,false,not_applicable,C,Django Admin 生态依赖模板扩展机制。,,,,retained,retain,,,e734b1c6ad07ac15148d8ff1bb018f3ef6de58d84fec42e45c488705e12973f9,schema=tui-metadata.v3;runtime=agomtui-runtime-0.2.0+9fdceb2691de;ia=2026-07-21,,,,not_applicable,,retained,admin,Codex M0 inventory review,2026-07-26,,apps/account/interface/documentation_views.py:56
core/templates/admin/server_logs.html,admin/server_logs.html,admin,admin,030db88e7f79b41d91e57df2193e8a54e5ae24d658588fe443215c6fb6543bc2,admin-server-logs,/admin/server-logs/,core.admin_log_views.server_logs_page,GET,core/templates/admin/server_logs.html,base.html,,,css/admin-shell.css,,,admin,true,admin.backend_authorization,none_detected,,true,true,true,not_applicable,C,Django Admin 生态依赖模板扩展机制。,,,,retained,retain,,,e734b1c6ad07ac15148d8ff1bb018f3ef6de58d84fec42e45c488705e12973f9,schema=tui-metadata.v3;runtime=agomtui-runtime-0.2.0+9fdceb2691de;ia=2026-07-21,,,,not_applicable,,retained,admin,Codex M0 inventory review,2026-07-26,,core/admin_log_views.py:24
core/templates/ai_provider/detail.html,ai_provider/detail.html,route_page,ai_provider,2b5965d60c99ea62be32479fa5aeecaa38e4947c825fea8d3bbf3acab2900936,ai_provider:detail,/ai/detail/<int:provider_id>/,apps.ai_provider.interface.views.page_views.ai_provider_detail_view,GET,core/templates/ai_provider/detail.html,base.html,,,,,查看可访问 AI 服务商详情与用量,authenticated_or_admin,true,scope_owner_or_admin,none_detected,,true,false,false,closed_existing_owner_api,A,适合通过既有或补齐后的 JSON API 迁入 TUI。,ai-ops.providers;ai-ops.system-providers,ai-ops.my-provider-detail;ai-ops.system-provider-detail;ai-ops.system-provider-usage-stats,,M2-ai-provider-core-w8,retain,/tui/?screen={scope_screen}&action={scope_detail_action}&provider_id=<provider_id>,f05399dde14d93671e61e2c7ecf7b759acd4bfd5,e734b1c6ad07ac15148d8ff1bb018f3ef6de58d84fec42e45c488705e12973f9,schema=tui-metadata.v3;runtime=agomtui-runtime-0.2.0+9fdceb2691de;ia=2026-07-21,tests/unit/test_tui_workbench.py,tests/api/test_ai_provider_api_edges.py;tests/component/test_ai_provider_page_views.py,frontend/tui-workbench/tests/workbench-browser.test.mjs (task deep-link coverage),complete,,migrated,ai_provider,Codex M2 wave review,2026-07-26,,Scope-aware Classic banner; owner API remains authorization source.
core/templates/ai_provider/form.html,ai_provider/form.html,route_page,ai_provider,a84213460c1898b847ac74b224ef20d9cd4c3c30bc6803a0e360797371a7489e,ai_provider:edit,/ai/detail/<int:provider_id>/edit/,apps.ai_provider.interface.views.page_views.ai_provider_edit_view,GET;POST,core/templates/ai_provider/form.html,base.html,components/json_assistant.html;components/json_assistant_assets.html,,,,更新可访问 AI 服务商配置,authenticated_or_admin,true,scope_owner_or_admin,POST,,true,false,false,closed_existing_owner_api,A,适合通过既有或补齐后的 JSON API 迁入 TUI。,ai-ops.providers;ai-ops.system-providers,ai-ops.update-my-provider;ai-ops.update-system-provider,,M2-ai-provider-core-w8,retain,/tui/?screen={scope_screen}&action={scope_update_action}&provider_id=<provider_id>,f05399dde14d93671e61e2c7ecf7b759acd4bfd5,e734b1c6ad07ac15148d8ff1bb018f3ef6de58d84fec42e45c488705e12973f9,schema=tui-metadata.v3;runtime=agomtui-runtime-0.2.0+9fdceb2691de;ia=2026-07-21,tests/unit/test_tui_workbench.py,tests/api/test_ai_provider_api_edges.py;tests/component/test_ai_provider_page_views.py,frontend/tui-workbench/tests/workbench-browser.test.mjs (password/deep-link/confirmation coverage),complete,,migrated,ai_provider,Codex M2 wave review,2026-07-26,,Full mutable field parity; API Key uses password input; Classic form retained for compatibility.
core/templates/ai_provider/manage.html,ai_provider/manage.html,route_page,ai_provider,feff3de38c9bfd52e53fdc0a39d299c94a8427228316be870891215ec5c9da52,ai_provider:manage,/ai/,apps.ai_provider.interface.views.page_views.ai_manage_view,GET,core/templates/ai_provider/manage.html,base.html,,,css/admin-shell.css,,治理系统 AI 服务商,admin,true,admin_only,none_detected,/api/ai/providers/,true,true,false,closed_existing_owner_api,A,适合通过既有或补齐后的 JSON API 迁入 TUI。,ai-ops.system-providers,ai-ops.system-provider-overall-stats;ai-ops.list-system-providers;ai-ops.create-system-provider;ai-ops.update-system-provider;ai-ops.toggle-system-provider;ai-ops.test-system-provider;ai-ops.system-provider-usage-stats;ai-ops.delete-system-provider,system-provider-overall-stats;system-provider-list,M2-ai-provider-core-w8,retain,/tui/?screen=ai-ops.system-providers&action=ai-ops.list-system-providers,f05399dde14d93671e61e2c7ecf7b759acd4bfd5,e734b1c6ad07ac15148d8ff1bb018f3ef6de58d84fec42e45c488705e12973f9,schema=tui-metadata.v3;runtime=agomtui-runtime-0.2.0+9fdceb2691de;ia=2026-07-21,tests/unit/test_tui_workbench.py,tests/api/test_ai_provider_api_edges.py;tests/component/test_ai_provider_page_views.py,frontend/tui-workbench/tests/workbench-browser.test.mjs (task deep-link/confirmation coverage),complete,,migrated,ai_provider,Codex M2 wave review,2026-07-26,,Classic admin page retained during compatibility window.
core/templates/ai_provider/my_providers.html,ai_provider/my_providers.html,route_page,ai_provider,6f6b7817fd9196f78121b54a5cf1632d17160b877cc0a791991151a3a1165481,ai_provider:my-providers,/ai/me/,apps.ai_provider.interface.views.page_views.ai_my_providers_view,GET,core/templates/ai_provider/my_providers.html,base.html,,,,,管理本人 AI 服务商与查看额度日志,authenticated,true,current_user_owner,none_detected,/api/ai/me/providers/,true,true,false,closed_existing_owner_api,A,适合通过既有或补齐后的 JSON API 迁入 TUI。,ai-ops.providers,ai-ops.list-my-providers;ai-ops.my-provider-detail;ai-ops.create-my-provider;ai-ops.update-my-provider;ai-ops.toggle-my-provider;ai-ops.delete-my-provider;ai-ops.my-quota-current;ai-ops.my-ai-logs,my-provider-list;my-provider-quota;my-provider-logs,M2-ai-provider-access-w9,retain,/tui/?screen=ai-ops.providers&action=ai-ops.list-my-providers,f05399dde14d93671e61e2c7ecf7b759acd4bfd5,e734b1c6ad07ac15148d8ff1bb018f3ef6de58d84fec42e45c488705e12973f9,schema=tui-metadata.v3;runtime=agomtui-runtime-0.2.0+9fdceb2691de;ia=2026-07-21,tests/unit/test_tui_workbench.py,tests/api/test_ai_provider_api_edges.py;tests/component/test_ai_provider_page_views.py,frontend/tui-workbench/tests/workbench-browser.test.mjs (task deep-link coverage),complete,,migrated,ai_provider,Codex M2 wave review,2026-07-26,,Classic self-service page retained during compatibility window.
core/templates/ai_provider/quota_manage.html,ai_provider/quota_manage.html,route_page,ai_provider,ee6d6ed217ce399f8e99b5cc15167014aa036f7a0598ef13f66ef0bd051b14a0,ai_provider:quota-manage,/ai/quotas/,apps.ai_provider.interface.views.page_views.ai_user_quota_manage_view,GET;POST,core/templates/ai_provider/quota_manage.html,base.html,,,,,治理用户 AI 兜底配额,admin,true,admin_only,POST,/api/ai/admin/quotas/batch_apply/,true,false,false,closed_existing_owner_api,A,适合通过既有或补齐后的 JSON API 迁入 TUI。,ai-ops.user-quotas,ai-ops.list-user-quotas;ai-ops.user-quota-detail;ai-ops.update-user-quota;ai-ops.batch-apply-user-quotas,user-quota-list,M2-ai-provider-access-w9,retain,/tui/?screen=ai-ops.user-quotas&action=ai-ops.list-user-quotas,f05399dde14d93671e61e2c7ecf7b759acd4bfd5,e734b1c6ad07ac15148d8ff1bb018f3ef6de58d84fec42e45c488705e12973f9,schema=tui-metadata.v3;runtime=agomtui-runtime-0.2.0+9fdceb2691de;ia=2026-07-21,tests/unit/test_tui_workbench.py,tests/api/test_ai_provider_api_edges.py;tests/component/test_ai_provider_page_views.py,frontend/tui-workbench/tests/workbench-browser.test.mjs (task deep-link coverage),complete,,migrated,ai_provider,Codex M2 wave review,2026-07-26,,All quota writes require confirmation; Classic page retained during compatibility window.
core/templates/ai_provider/usage_logs.html,ai_provider/usage_logs.html,route_page,ai_provider,eb959718f372cda316979adc7eb02b26676551f89edd555b4f7f6f6be6d87771,ai_provider:logs,/ai/logs/,apps.ai_provider.interface.views.page_views.ai_usage_logs_view,GET,core/templates/ai_provider/usage_logs.html,base.html,,,,,按权限范围筛选 AI 调用日志,authenticated_or_admin,true,current_user_or_admin_scope,none_detected,,false,false,false,closed_owner_filter_contract,A,适合通过既有或补齐后的 JSON API 迁入 TUI。,ai-ops.providers;ai-ops.system-providers,ai-ops.my-ai-logs;ai-ops.system-ai-logs,my-provider-logs;system-provider-logs,M2-ai-provider-access-w9,retain,/tui/?screen={role_screen}&action={role_log_action}&provider=<provider_id>&status=<status>&limit=<limit>,f05399dde14d93671e61e2c7ecf7b759acd4bfd5,e734b1c6ad07ac15148d8ff1bb018f3ef6de58d84fec42e45c488705e12973f9,schema=tui-metadata.v3;runtime=agomtui-runtime-0.2.0+9fdceb2691de;ia=2026-07-21,tests/unit/test_tui_workbench.py,tests/api/test_ai_provider_api_edges.py;tests/component/test_ai_provider_page_views.py,frontend/tui-workbench/tests/workbench-browser.test.mjs (task deep-link coverage),complete,,migrated,ai_provider,Codex M2 wave review,2026-07-26,,Classic banner preserves role and validated provider/status/limit filters.
core/templates/asset_analysis/screen.html,asset_analysis/screen.html,route_page,asset_analysis,fd3890cb9cd832daebdd5243a14cafef5f563574361809769b27927dc1918037,asset-screen,/asset-analysis/screen/,core.views.asset_screen_view,GET,core/templates/asset_analysis/screen.html,base.html,,,,,按真实支持的资产类型、Regime、评分区间和风险等级筛选资产池,authenticated,true,login_required,none_detected,,true,true,false,closed_existing_owner_api,A,既有认证 owner API 承载筛选；TUI 只发布后端真实支持的 equity/fund 并用原生表格导出。,research.asset-lab,asset-analysis.pool-screen,,M3-asset-analysis-w24,retain,/tui/?screen=research.asset-lab&action=asset-analysis.pool-screen,f05399dde14d93671e61e2c7ecf7b759acd4bfd5,e734b1c6ad07ac15148d8ff1bb018f3ef6de58d84fec42e45c488705e12973f9,schema=tui-metadata.v3;runtime=agomtui-runtime-0.2.0+9fdceb2691de;ia=2026-07-21,tests/unit/test_tui_workbench.py::test_tui_asset_analysis_screen_publishes_only_supported_asset_types,tests/api/test_asset_analysis_pool_api_edges.py,frontend/tui-workbench/tests/workbench-browser.test.mjs (filters/datagrid/export),complete,Unsupported bond wealth and commodity tabs are not advertised; response retains context pool summary and full score payload,migrated,asset_analysis,Codex M3 wave review,2026-07-26,,Classic page retained during stability window; handwritten CSV is replaced by native datagrid export.
core/templates/audit/audit_page.html,audit/audit_page.html,route_page,audit,001ced68534f41bcc448ae65b36f3bf4d842098981c6a9889d1046bf6f68fbcd,,,,unknown,core/templates/audit/audit_page.html,base.html,,,,,audit: audit page,authenticated,true,audit.backend_authorization,none_detected,/api/docs/,false,false,false,not_applicable,D,Audit page route renders audit/review_page.html; no remaining consumer.,,,,M0-D,remove_404,,d4d28e7168c83438eb708cddc4cf9e96ba616569,92acf9e42ffcf6b76af5abf368297407870159a66e53876855873e2efabb436c,schema=tui-metadata.v3;runtime=agomtui-runtime-0.2.0+40a52d5a5e8f;ia=2026-07-21,tests/unit/test_web_template_migration_inventory.py;tests/component/test_route_name_compatibility.py;tests/component/test_template_rendering.py,,,not_applicable,django_url_resolver_loader_origin_and_repository_reference_scan,deleted,audit,Codex M0-D evidence review,2026-07-26,,no_runtime_consumer;M0-D-2026-07-26
core/templates/backtest/create.html,backtest/create.html,route_page,backtest,5469efa8fb1dba6c211fdf1a6e5a9bf182c226aeadd7673fbfd4217fcd3f66e8,backtest:create,/backtest/create/,apps.backtest.interface.views.backtest_create_view,GET,core/templates/backtest/create.html,base.html,,,css/backtest.css,,运行探索性或 PIT 验证回测,authenticated,true,login_required,none_detected,/api/backtest/backtests/,true,false,false,closed_existing_owner_api,A,适合通过既有或补齐后的 JSON API 迁入 TUI。,research.asset-lab,backtest.run,backtest-stats;backtest-list,M2-backtest-w12,retain,/tui/?screen=research.asset-lab&action=backtest.run,f05399dde14d93671e61e2c7ecf7b759acd4bfd5,e734b1c6ad07ac15148d8ff1bb018f3ef6de58d84fec42e45c488705e12973f9,schema=tui-metadata.v3;runtime=agomtui-runtime-0.2.0+9fdceb2691de;ia=2026-07-21,tests/unit/test_tui_workbench.py::test_tui_backtest_actions_publish_complete_confirmed_task_flow,tests/api/test_backtest_api_edges.py,frontend/tui-workbench/tests/workbench-browser.test.mjs (structured form/confirmation/deep-link contracts),complete,Full serializer field parity + confirmed execution + exact Classic link,migrated,backtest,Codex M2 wave review,2026-07-26,,Classic page retained during compatibility window; page and ViewSet now require authentication.
core/templates/backtest/detail.html,backtest/detail.html,route_page,backtest,18c0bd7bce7303700af196b9eefad47469e0c8602bb9ec02919ec57b0ddff0ac,backtest:detail,/backtest/<int:backtest_id>/,apps.backtest.interface.views.backtest_detail_view,GET,core/templates/backtest/detail.html,base.html,,,css/backtest.css;widgets/configs/backtest_widget.json,,查看回测结果并应用到持仓,authenticated,true,login_required,none_detected,,true,false,false,closed_existing_owner_api,A,适合通过既有或补齐后的 JSON API 迁入 TUI。,research.asset-lab,backtest.detail;backtest.apply;backtest.rerun,backtest-list,M2-backtest-w12,retain,/tui/?screen=research.asset-lab&action=backtest.detail&pk=<backtest_id>,f05399dde14d93671e61e2c7ecf7b759acd4bfd5,e734b1c6ad07ac15148d8ff1bb018f3ef6de58d84fec42e45c488705e12973f9,schema=tui-metadata.v3;runtime=agomtui-runtime-0.2.0+9fdceb2691de;ia=2026-07-21,tests/unit/test_tui_workbench.py::test_tui_backtest_actions_publish_complete_confirmed_task_flow,tests/api/test_backtest_api_edges.py,frontend/tui-workbench/tests/workbench-browser.test.mjs (path deep-link and confirmation contracts),complete,Detail/apply/rerun contracts + authenticated API-only apply route + exact Classic link,migrated,backtest,Codex M2 wave review,2026-07-26,,Classic page retained during compatibility window; apply mutation remains scoped by account application service.
core/templates/backtest/list.html,backtest/list.html,route_page,backtest,b4c079f266f9dc6b3f3f2be157d9c4c8a3e23ed220aa7d5ca6d2c7cbe64803d7,backtest:list,/backtest/,apps.backtest.interface.views.backtest_list_view,GET,core/templates/backtest/list.html,base.html,,,css/backtest.css,,筛选回测并查看/重跑/删除,authenticated,true,login_required,none_detected,,true,false,false,closed_existing_owner_api,A,适合通过既有或补齐后的 JSON API 迁入 TUI。,research.asset-lab,backtest.summary;backtest.list;backtest.detail;backtest.rerun;backtest.delete,backtest-stats;backtest-list,M2-backtest-w12,retain,/tui/?screen=research.asset-lab&action=backtest.list,f05399dde14d93671e61e2c7ecf7b759acd4bfd5,e734b1c6ad07ac15148d8ff1bb018f3ef6de58d84fec42e45c488705e12973f9,schema=tui-metadata.v3;runtime=agomtui-runtime-0.2.0+9fdceb2691de;ia=2026-07-21,tests/unit/test_tui_workbench.py::test_tui_backtest_actions_publish_complete_confirmed_task_flow,tests/api/test_backtest_api_edges.py,frontend/tui-workbench/tests/workbench-browser.test.mjs (datagrid row action/refresh contracts),complete,Authenticated list/statistics + native row actions + confirmed rerun/delete,migrated,backtest,Codex M2 wave review,2026-07-26,,Classic page retained during compatibility window; API and page entry points now require authentication.
core/templates/base.html,base.html,error,core,0b06c2169f7a9c295148a23052117971c636a6a47e98421be38d8c7128c74c74,,,,unknown,core/templates/base.html,,,apps/agent_runtime/templates/agent_runtime/operator_proposal_detail.html;apps/agent_runtime/templates/agent_runtime/operator_proposal_list.html;apps/agent_runtime/templates/agent_runtime/operator_task_detail.html;apps/agent_runtime/templates/agent_runtime/operator_task_list.html;apps/alpha/templates/alpha/ops/inference.html;apps/alpha/templates/alpha/ops/qlib_data.html;apps/alpha_trigger/templates/alpha_trigger/candidate_detail.html;apps/alpha_trigger/templates/alpha_trigger/create.html;apps/alpha_trigger/templates/alpha_trigger/detail.html;apps/alpha_trigger/templates/alpha_trigger/edit.html;apps/alpha_trigger/templates/alpha_trigger/invalidation_builder.html;apps/alpha_trigger/templates/alpha_trigger/list.html;apps/alpha_trigger/templates/alpha_trigger/performance.html;apps/audit/templates/audit/base.html;apps/audit/templates/audit/my_decision_traces.html;apps/beta_gate/templates/beta_gate/config.html;apps/beta_gate/templates/beta_gate/config_form.html;apps/beta_gate/templates/beta_gate/test_asset.html;apps/beta_gate/templates/beta_gate/version_compare.html;apps/broker_execution/templates/broker_execution/workbench.html;apps/config_center/templates/config_center/qlib_center.html;apps/decision_rhythm/templates/decision_rhythm/quota.html;apps/decision_rhythm/templates/decision_rhythm/quota_config.html;apps/risk_center/templates/risk_center/console.html;apps/rotation/templates/rotation/base.html;apps/setup_wizard/templates/setup_wizard/auth.html;apps/setup_wizard/templates/setup_wizard/wizard.html;apps/task_monitor/templates/task_monitor/readiness_monitor.html;apps/task_monitor/templates/task_monitor/scheduler_console.html;core/templates/404.html;core/templates/500.html;core/templates/account/collaboration.html;core/templates/account/mcp_guide.html;core/templates/account/observer_portal.html;core/templates/account/profile.html;core/templates/account/settings.html;core/templates/account/system_settings.html;core/templates/account/token_management.html;core/templates/account/user_management.html;core/templates/admin/docs_edit.html;core/templates/admin/docs_manage.html;core/templates/admin/server_logs.html;core/templates/ai_provider/detail.html;core/templates/ai_provider/form.html;core/templates/ai_provider/manage.html;core/templates/ai_provider/my_providers.html;core/templates/ai_provider/quota_manage.html;core/templates/ai_provider/usage_logs.html;core/templates/asset_analysis/screen.html;core/templates/backtest/create.html;core/templates/backtest/detail.html;core/templates/backtest/list.html;core/templates/components/chat_example.html;core/templates/dashboard/alpha_history.html;core/templates/dashboard/alpha_ranking.html;core/templates/dashboard/index.html;core/templates/data_center/monitor.html;core/templates/data_center/providers.html;core/templates/decision/workspace.html;core/templates/docs/detail.html;core/templates/docs/list.html;core/templates/equity/base.html;core/templates/factor/base.html;core/templates/filter/dashboard.html;core/templates/fund/dashboard.html;core/templates/hedge/base.html;core/templates/macro/data.html;core/templates/ops/admin_console.html;core/templates/ops/capability_gateway.html;core/templates/ops/center.html;core/templates/ops/mcp_tools.html;core/templates/policy/keyword_form.html;core/templates/policy/policy_event_form.html;core/templates/policy/policy_events.html;core/templates/policy/rss_keywords.html;core/templates/policy/rss_logs.html;core/templates/policy/rss_manage.html;core/templates/policy/rss_reader.html;core/templates/policy/rss_source_form.html;core/templates/policy/workbench.html;core/templates/prompt/manage.html;core/templates/regime/dashboard.html;core/templates/sentiment/analyze.html;core/templates/sentiment/dashboard.html;core/templates/share/disclaimer_manage.html;core/templates/share/manage.html;core/templates/signal/manage.html;core/templates/simulated_trading/account_detail.html;core/templates/simulated_trading/dashboard.html;core/templates/simulated_trading/inspection_notify.html;core/templates/simulated_trading/my_account_detail.html;core/templates/simulated_trading/my_accounts.html;core/templates/simulated_trading/my_positions.html;core/templates/simulated_trading/my_trades.html;core/templates/strategy/create.html;core/templates/strategy/detail.html;core/templates/strategy/edit.html;core/templates/strategy/list.html;core/templates/terminal/config.html,css/components.css;css/design-tokens.css;css/floating-widget.css;css/main.css;js/components/floating-widget.js;js/htmx-config.js;js/utils.js;vendor/css/bootstrap-icons.css;vendor/css/flatpickr.min.css;vendor/js/alpine.min.js;vendor/js/flatpickr.min.js;vendor/js/flatpickr.zh.js;vendor/js/htmx.min.js;vendor/js/sweetalert2.all.min.js,,,authenticated,true,core.backend_authorization,none_detected,/api/docs/,true,false,false,none_detected,C,保留页面和错误响应仍需要共同基座。,,,,retained,retain,,,e734b1c6ad07ac15148d8ff1bb018f3ef6de58d84fec42e45c488705e12973f9,schema=tui-metadata.v3;runtime=agomtui-runtime-0.2.0+9fdceb2691de;ia=2026-07-21,,,,not_applicable,,retained,core,Codex M0 inventory review,2026-07-26,,
core/templates/base_auth.html,base_auth.html,error,core,4730f182f72be2919b4841b11cd9090a19a253e89bca05651dc5f66798a67c7d,,,,unknown,core/templates/base_auth.html,,,core/templates/account/login.html;core/templates/account/register.html,css/design-tokens.css,,,authenticated,true,core.backend_authorization,none_detected,,false,false,false,not_applicable,C,保留页面和错误响应仍需要共同基座。,,,,retained,retain,,,e734b1c6ad07ac15148d8ff1bb018f3ef6de58d84fec42e45c488705e12973f9,schema=tui-metadata.v3;runtime=agomtui-runtime-0.2.0+9fdceb2691de;ia=2026-07-21,,,,not_applicable,,retained,core,Codex M0 inventory review,2026-07-26,,
core/templates/components/action_recommendation.html,components/action_recommendation.html,partial_component,components,7cb301806eb6535408d64293770a4da492a25bbf22ed722effcad48e90f08042,api_dashboard:action_recommendation,/api/dashboard/action-recommendation/,apps.dashboard.interface.macro_views.action_recommendation_htmx,GET,core/templates/components/action_recommendation.html,,,core/templates/dashboard/index.html,,,,authenticated,true,components.backend_authorization,none_detected,/api/dashboard/action-recommendation/,false,false,true,none_detected,A,适合通过既有或补齐后的 JSON API 迁入 TUI。,,,,M3,remove_with_consumer,,,e734b1c6ad07ac15148d8ff1bb018f3ef6de58d84fec42e45c488705e12973f9,schema=tui-metadata.v3;runtime=agomtui-runtime-0.2.0+9fdceb2691de;ia=2026-07-21,,,,not_started,,backlog,components,Codex M0 inventory review,2026-07-26,,apps/dashboard/interface/macro_views.py:43
core/templates/components/alert_banner.html,components/alert_banner.html,partial_component,components,f11e9126ce015fb1a14b8b99b9f2a5f19155af7b6145f9a7d27aa8c9a4493762,,,,unknown,core/templates/components/alert_banner.html,,,,,,,authenticated,true,components.backend_authorization,none_detected,,true,false,false,review_required,A,适合通过既有或补齐后的 JSON API 迁入 TUI。,,,,M3,remove_with_consumer,,,e734b1c6ad07ac15148d8ff1bb018f3ef6de58d84fec42e45c488705e12973f9,schema=tui-metadata.v3;runtime=agomtui-runtime-0.2.0+9fdceb2691de;ia=2026-07-21,,,,not_started,,backlog,components,Codex M0 inventory review,2026-07-26,,
core/templates/components/attention_items.html,components/attention_items.html,partial_component,components,95d6a48ea2c8eb56bb4df0c310375147046b420fc29746f8779f748f661f81c9,api_dashboard:attention_items,/api/dashboard/attention-items/,apps.dashboard.interface.macro_views.attention_items_htmx,GET,core/templates/components/attention_items.html,,,core/templates/dashboard/index.html,,,,authenticated,true,components.backend_authorization,none_detected,/api/dashboard/attention-items/,false,false,true,none_detected,A,适合通过既有或补齐后的 JSON API 迁入 TUI。,,,,M3,remove_with_consumer,,,e734b1c6ad07ac15148d8ff1bb018f3ef6de58d84fec42e45c488705e12973f9,schema=tui-metadata.v3;runtime=agomtui-runtime-0.2.0+9fdceb2691de;ia=2026-07-21,,,,not_started,,backlog,components,Codex M0 inventory review,2026-07-26,,apps/dashboard/interface/macro_views.py:57
core/templates/components/chat_example.html,components/chat_example.html,partial_component,components,0e7bd42badedd95fd851615a2f46de1399b68675bec5247c7df8f730c0527e39,chat-example,/chat-example/,core.views.chat_example_view,GET,core/templates/components/chat_example.html,base.html,,,css/components/chat-widget.css;css/shared/shared-chat-renderer.css;js/components/chat-widget.js;js/marked.min.js;js/mermaid.min.js;js/shared/shared-chat-renderer.js,,,authenticated,true,components.backend_authorization,none_detected,,true,false,false,review_required,A,适合通过既有或补齐后的 JSON API 迁入 TUI。,,,,M3,remove_with_consumer,,,e734b1c6ad07ac15148d8ff1bb018f3ef6de58d84fec42e45c488705e12973f9,schema=tui-metadata.v3;runtime=agomtui-runtime-0.2.0+9fdceb2691de;ia=2026-07-21,,,,not_started,,backlog,components,Codex M0 inventory review,2026-07-26,,core/views.py:108
core/templates/components/classic_tui_migration_banner.html,components/classic_tui_migration_banner.html,partial_component,components,ab345ffbdfde083bd6614e274c36b8c2b55e3e9c936ae257da958ccc54ec5605,,,,unknown,core/templates/components/classic_tui_migration_banner.html,,,apps/agent_runtime/templates/agent_runtime/operator_proposal_detail.html;apps/agent_runtime/templates/agent_runtime/operator_proposal_list.html;apps/agent_runtime/templates/agent_runtime/operator_task_detail.html;apps/agent_runtime/templates/agent_runtime/operator_task_list.html;apps/audit/templates/audit/attribution_detail.html;apps/audit/templates/audit/indicator_performance.html;apps/audit/templates/audit/manual_trade_review.html;apps/audit/templates/audit/my_decision_traces.html;apps/audit/templates/audit/my_operation_logs.html;apps/audit/templates/audit/operation_logs_admin.html;apps/audit/templates/audit/report_list.html;apps/audit/templates/audit/review_page.html;apps/audit/templates/audit/threshold_validation.html;apps/data_center/templates/data_center/governance.html;apps/data_center/templates/data_center/market_thermometer.html;apps/data_center/templates/data_center/publishers.html;apps/data_center/templates/data_center/universe.html;core/templates/account/profile.html;core/templates/dashboard/index.html;core/templates/data_center/monitor.html;core/templates/data_center/providers.html;core/templates/equity/detail.html;core/templates/equity/pool.html;core/templates/equity/valuation_repair.html;core/templates/filter/dashboard.html;core/templates/macro/data.html;core/templates/ops/admin_console.html;core/templates/ops/capability_gateway.html;core/templates/ops/center.html;core/templates/ops/mcp_tools.html;core/templates/regime/dashboard.html;core/templates/sentiment/dashboard.html;core/templates/simulated_trading/account_detail.html;core/templates/simulated_trading/dashboard.html;core/templates/simulated_trading/inspection_notify.html;core/templates/simulated_trading/my_account_detail.html;core/templates/simulated_trading/my_accounts.html;core/templates/simulated_trading/my_positions.html;core/templates/simulated_trading/my_trades.html;core/templates/strategy/create.html;core/templates/strategy/detail.html;core/templates/strategy/edit.html;core/templates/strategy/list.html,,,向兼容期 Classic 页面发布准确 TUI deep link,authenticated,true,components.backend_authorization,none_detected,,false,false,false,none_detected,A,仅用于迁移兼容提示；随最后一个 Classic 消费者在 M5 删除。,,,,M4-simulated-accounts-w51,remove_with_consumer,,pending_commit,e734b1c6ad07ac15148d8ff1bb018f3ef6de58d84fec42e45c488705e12973f9,schema=tui-metadata.v3;runtime=agomtui-runtime-0.2.0+9fdceb2691de;ia=2026-07-21,tests/component/test_mcp_tools_page.py;tests/integration/test_config_center_api.py;tests/api/test_audit_api_edges.py;tests/api/test_data_center_tui_api.py;tests/component/account/test_manual_trade_sync.py;tests/api/test_account_api_edges.py;tests/api/test_dashboard_api_edges.py;tests/api/test_equity_api_edges.py;tests/api/test_macro_regime_tui_api.py;tests/api/test_sentiment_api_edges.py;tests/api/test_simulated_trading_api_edges.py;tests/api/test_valuation_repair_api.py,not_applicable,live-server banner/deep-link UAT pending,not_applicable,instrumented_awaiting_14d_production_samples,migrated,terminal,Codex M4 review,2026-07-26,,Approved migration-only partial;not a new business page
core/templates/components/investment_disclaimer.html,components/investment_disclaimer.html,partial_component,components,f60fa21de1d13df4e12782d468387fee28acbcb3bd443935cde6f41fe1cbf43a,,,,unknown,core/templates/components/investment_disclaimer.html,,,apps/alpha_trigger/templates/alpha_trigger/list.html;apps/rotation/templates/rotation/base.html;core/templates/dashboard/index.html;core/templates/decision/steps/screen.html;core/templates/hedge/base.html;core/templates/signal/manage.html,,,,authenticated,true,components.backend_authorization,none_detected,,false,false,false,review_required,A,适合通过既有或补齐后的 JSON API 迁入 TUI。,,,,M3,remove_with_consumer,,,e734b1c6ad07ac15148d8ff1bb018f3ef6de58d84fec42e45c488705e12973f9,schema=tui-metadata.v3;runtime=agomtui-runtime-0.2.0+9fdceb2691de;ia=2026-07-21,,,,not_started,,backlog,components,Codex M0 inventory review,2026-07-26,,
core/templates/components/json_assistant.html,components/json_assistant.html,partial_component,components,a0cf58d615b9c413c590de4dbed46f959fb73db54fe20a8eeb7d32cf6a724018,,,,unknown,core/templates/components/json_assistant.html,,,apps/alpha_trigger/templates/alpha_trigger/create.html;apps/alpha_trigger/templates/alpha_trigger/edit.html;apps/beta_gate/templates/beta_gate/config_form.html;core/templates/ai_provider/form.html;core/templates/prompt/manage.html,,,,authenticated,true,components.backend_authorization,none_detected,,false,false,false,review_required,A,适合通过既有或补齐后的 JSON API 迁入 TUI。,,,,M3,remove_with_consumer,,,e734b1c6ad07ac15148d8ff1bb018f3ef6de58d84fec42e45c488705e12973f9,schema=tui-metadata.v3;runtime=agomtui-runtime-0.2.0+9fdceb2691de;ia=2026-07-21,,,,not_started,,backlog,components,Codex M0 inventory review,2026-07-26,,
core/templates/components/json_assistant_assets.html,components/json_assistant_assets.html,partial_component,components,f8315dec1d39384123f53f34c8bfbf3f6b2520c23e5d4456e5d2a3add6aba941,,,,unknown,core/templates/components/json_assistant_assets.html,,,apps/alpha_trigger/templates/alpha_trigger/create.html;apps/alpha_trigger/templates/alpha_trigger/edit.html;apps/beta_gate/templates/beta_gate/config_form.html;core/templates/ai_provider/form.html;core/templates/prompt/manage.html,,,,authenticated,true,components.backend_authorization,none_detected,/api/beta-gate/config/suggest/,true,false,false,none_detected,A,适合通过既有或补齐后的 JSON API 迁入 TUI。,,,,M3,remove_with_consumer,,,e734b1c6ad07ac15148d8ff1bb018f3ef6de58d84fec42e45c488705e12973f9,schema=tui-metadata.v3;runtime=agomtui-runtime-0.2.0+9fdceb2691de;ia=2026-07-21,,,,not_started,,backlog,components,Codex M0 inventory review,2026-07-26,,
core/templates/components/market_thermometer_card.html,components/market_thermometer_card.html,partial_component,components,fc188a52e770b65a2059a6bdcffacda8a7e3476e6893644e52589f2a617f9208,,,,unknown,core/templates/components/market_thermometer_card.html,,,core/templates/dashboard/index.html;core/templates/macro/data.html,,,,authenticated,true,components.backend_authorization,none_detected,,false,false,false,review_required,A,适合通过既有或补齐后的 JSON API 迁入 TUI。,,,,M3,remove_with_consumer,,,e734b1c6ad07ac15148d8ff1bb018f3ef6de58d84fec42e45c488705e12973f9,schema=tui-metadata.v3;runtime=agomtui-runtime-0.2.0+9fdceb2691de;ia=2026-07-21,,,,not_started,,backlog,components,Codex M0 inventory review,2026-07-26,,
core/templates/components/pulse_card.html,components/pulse_card.html,partial_component,components,93442aca31c4e01c954d3d6c83ef3fdcd7a8913deaa513cd6fd4b05dda40e9d0,api_dashboard:pulse_card,/api/dashboard/pulse-card/,apps.dashboard.interface.macro_views.pulse_card_htmx,GET,core/templates/components/pulse_card.html,,,core/templates/dashboard/index.html;core/templates/macro/data.html,,,,authenticated,true,components.backend_authorization,none_detected,/api/dashboard/pulse-card/,false,false,true,none_detected,A,适合通过既有或补齐后的 JSON API 迁入 TUI。,,,,M3,remove_with_consumer,,,e734b1c6ad07ac15148d8ff1bb018f3ef6de58d84fec42e45c488705e12973f9,schema=tui-metadata.v3;runtime=agomtui-runtime-0.2.0+9fdceb2691de;ia=2026-07-21,,,,not_started,,backlog,components,Codex M0 inventory review,2026-07-26,,apps/dashboard/interface/macro_views.py:33
core/templates/components/regime_status_bar.html,components/regime_status_bar.html,partial_component,components,1670434e340aefdde29e6c5214d8d6ec30a782e88bbd352b981ee58454e8bd55,api_dashboard:regime_status,/api/dashboard/regime-status/,apps.dashboard.interface.macro_views.regime_status_htmx,GET,core/templates/components/regime_status_bar.html,,,core/templates/dashboard/index.html,,,,authenticated,true,components.backend_authorization,none_detected,/api/dashboard/regime-status/,false,false,true,none_detected,A,适合通过既有或补齐后的 JSON API 迁入 TUI。,,,,M3,remove_with_consumer,,,e734b1c6ad07ac15148d8ff1bb018f3ef6de58d84fec42e45c488705e12973f9,schema=tui-metadata.v3;runtime=agomtui-runtime-0.2.0+9fdceb2691de;ia=2026-07-21,,,,not_started,,backlog,components,Codex M0 inventory review,2026-07-26,,apps/dashboard/interface/macro_views.py:23
core/templates/dashboard/alpha_history.html,dashboard/alpha_history.html,route_page,dashboard,f6a49890cb3d9632a0b920beb13da1eac47f7fc1d3c7c6d45a4079e873b83b90,dashboard:alpha_history,/dashboard/alpha/history/,apps.dashboard.interface.alpha_history_views.alpha_history_page,GET,core/templates/dashboard/alpha_history.html,base.html,,,,,dashboard: alpha history,authenticated,true,dashboard.backend_authorization,none_detected,,true,false,false,closed,A,用户范围内的历史筛选与运行详情已由 Dashboard JSON API 和 TUI datagrid/detail 闭环。,research.signals,dashboard.alpha-history;dashboard.alpha-history-detail,,M3-dashboard-alpha-w30,redirect_to_tui,/tui/?screen=research.signals&action=dashboard.alpha-history,f05399dde14d93671e61e2c7ecf7b759acd4bfd5,e734b1c6ad07ac15148d8ff1bb018f3ef6de58d84fec42e45c488705e12973f9,schema=tui-metadata.v3;runtime=agomtui-runtime-0.2.0+9fdceb2691de;ia=2026-07-21,tests/unit/test_tui_workbench.py::test_tui_dashboard_alpha_publishes_ranking_and_history_tasks,apps/dashboard/tests/test_alpha_views.py,live-server UAT pending,complete,instrumented_awaiting_14d_production_samples,migrated,dashboard,Codex M3 review,2026-07-26,,apps/dashboard/interface/alpha_history_views.py:101
core/templates/dashboard/alpha_ranking.html,dashboard/alpha_ranking.html,route_page,dashboard,5a8352319ee32e3d52feb268cdd10ae45b505e196183883167e7071bab6ddf9e,dashboard:alpha_ranking,/dashboard/alpha/ranking/,apps.dashboard.interface.alpha_stock_views.alpha_ranking_page,GET,core/templates/dashboard/alpha_ranking.html,base.html,,,,,dashboard: alpha ranking,authenticated,true,dashboard.backend_authorization,none_detected,,false,false,false,closed,A,通用/组合 scope 的完整排名已通过显式 JSON 格式和 TUI datagrid 闭环。,research.signals,dashboard.alpha-ranking,,M3-dashboard-alpha-w30,redirect_to_tui,/tui/?screen=research.signals&action=dashboard.alpha-ranking,f05399dde14d93671e61e2c7ecf7b759acd4bfd5,e734b1c6ad07ac15148d8ff1bb018f3ef6de58d84fec42e45c488705e12973f9,schema=tui-metadata.v3;runtime=agomtui-runtime-0.2.0+9fdceb2691de;ia=2026-07-21,tests/unit/test_tui_workbench.py::test_tui_dashboard_alpha_publishes_ranking_and_history_tasks,apps/dashboard/tests/test_alpha_views.py,live-server UAT pending,complete,instrumented_awaiting_14d_production_samples,migrated,dashboard,Codex M3 review,2026-07-26,,apps/dashboard/interface/alpha_stock_views.py:98
core/templates/dashboard/index.html,dashboard/index.html,route_page,dashboard,3f013454fa83b6e0eeec15b17189a8ae044def2177b31f1ab6c0dca530477f62,dashboard:index,/dashboard/,apps.dashboard.interface.views.dashboard_entry,GET,core/templates/dashboard/index.html,base.html,components/action_recommendation.html;components/attention_items.html;components/classic_tui_migration_banner.html;components/investment_disclaimer.html;components/market_thermometer_card.html;components/pulse_card.html;components/regime_status_bar.html;dashboard/main_workflow_panel.html;dashboard/partials/positions_table.html;dashboard/teaching_modal.html,,css/home.css;css/main-workflow.css;css/shared/shared-chat-renderer.css;css/teaching.css;js/main-workflow.js;js/marked.min.js;js/mermaid.min.js;js/shared/shared-chat-renderer.js;js/teaching/bilingual-support.js;js/teaching/cases-library.js;js/teaching/interactive-charts.js;js/teaching/learning-progress.js;js/teaching/policy-simulator-enhanced.js;js/teaching/policy-simulator.js;js/teaching/regime-calculator.js;js/teaching/teaching-modal.js;vendor/js/echarts.min.js;widgets/configs/dashboard_widget.json,,dashboard: index,authenticated,true,dashboard.backend_authorization,none_detected,/api/chat/web/;/api/dashboard/allocation/;/api/dashboard/alpha/exit-panel/;/api/dashboard/alpha/provider-status/;/api/dashboard/performance/;/api/dashboard/positions/;/api/decision-rhythm/requests/;/api/prompt/chat/models;/api/prompt/chat/providers;/api/regime/current/,true,false,true,none_detected,B,检测到生产图表/Canvas 标记，依赖 M1 renderer 契约。,command-center.overview,dashboard.overview-summary;auto.api.get.api.dashboard.allocation;auto.api.get.api.dashboard.performance,,M4-dashboard-overview-w46,redirect_to_tui,/tui/?screen=command-center.overview,2f0e8cce24243ade60036cfd221c514cc2451bec,e734b1c6ad07ac15148d8ff1bb018f3ef6de58d84fec42e45c488705e12973f9,schema=tui-metadata.v3;runtime=agomtui-runtime-0.2.0+9fdceb2691de;ia=2026-07-21,tests/unit/test_tui_workbench.py,tests/api/test_dashboard_api_edges.py,live-server summary allocation pie performance line and viewport UAT pending,implemented,instrumented_awaiting_14d_production_samples,migrated,dashboard,Codex M4 review,2026-07-26,,Dashboard TUI reuses existing command center tasks and upgrades allocation/performance auto actions
core/templates/dashboard/main_workflow_panel.html,dashboard/main_workflow_panel.html,partial_component,dashboard,596895b25e7ac757134583d2f55b3dae2707a24ac7d160ef2ab8bf3845393612,,,,unknown,core/templates/dashboard/main_workflow_panel.html,,,core/templates/dashboard/index.html,,,,authenticated,true,dashboard.backend_authorization,none_detected,,false,false,false,review_required,A,适合通过既有或补齐后的 JSON API 迁入 TUI。,command-center.overview,,,M3,remove_with_consumer,,,e734b1c6ad07ac15148d8ff1bb018f3ef6de58d84fec42e45c488705e12973f9,schema=tui-metadata.v3;runtime=agomtui-runtime-0.2.0+9fdceb2691de;ia=2026-07-21,,,,not_started,,backlog,dashboard,Codex M0 inventory review,2026-07-26,,
core/templates/dashboard/partials/alpha_exit_detail_panel.html,dashboard/partials/alpha_exit_detail_panel.html,partial_component,dashboard,f4de5d0d7fa646d4c6b7b65330b860e2b45cc353e7da42b9f436d56a864cd70d,api_dashboard:alpha_exit_panel,/api/dashboard/alpha/exit-panel/,apps.dashboard.interface.alpha_stock_views.alpha_exit_panel_htmx,GET,core/templates/dashboard/partials/alpha_exit_detail_panel.html,,,,,,,authenticated,true,dashboard.backend_authorization,none_detected,,false,false,false,review_required,A,适合通过既有或补齐后的 JSON API 迁入 TUI。,command-center.overview,,,M3,remove_with_consumer,,,e734b1c6ad07ac15148d8ff1bb018f3ef6de58d84fec42e45c488705e12973f9,schema=tui-metadata.v3;runtime=agomtui-runtime-0.2.0+9fdceb2691de;ia=2026-07-21,,,,not_started,,backlog,dashboard,Codex M0 inventory review,2026-07-26,,apps/dashboard/interface/alpha_stock_views.py:701
core/templates/dashboard/partials/alpha_factor_panel.html,dashboard/partials/alpha_factor_panel.html,partial_component,dashboard,0eaaac94491684379f996c4f9d68bcd5e3ee49e46d256b2da8d6ef2139cca178,api_dashboard:alpha_factor_panel,/api/dashboard/alpha/factor-panel/,apps.dashboard.interface.alpha_stock_views.alpha_factor_panel_htmx,GET,core/templates/dashboard/partials/alpha_factor_panel.html,,,,,,,authenticated,true,dashboard.backend_authorization,none_detected,,false,false,false,review_required,A,适合通过既有或补齐后的 JSON API 迁入 TUI。,command-center.overview,,,M3,remove_with_consumer,,,e734b1c6ad07ac15148d8ff1bb018f3ef6de58d84fec42e45c488705e12973f9,schema=tui-metadata.v3;runtime=agomtui-runtime-0.2.0+9fdceb2691de;ia=2026-07-21,,,,not_started,,backlog,dashboard,Codex M0 inventory review,2026-07-26,,apps/dashboard/interface/alpha_stock_views.py:613;apps/dashboard/interface/alpha_stock_views.py:642
core/templates/dashboard/partials/alpha_stocks_table.html,dashboard/partials/alpha_stocks_table.html,partial_component,dashboard,0ce77db573aeffb09b31956bf433aca4fb3524391556714a1ca6ce1413416c21,api_dashboard:alpha_stocks,/api/dashboard/alpha/stocks/,apps.dashboard.interface.alpha_stock_views.alpha_stocks_htmx,GET,core/templates/dashboard/partials/alpha_stocks_table.html,,,,,,,authenticated,true,dashboard.backend_authorization,none_detected,,false,false,false,review_required,A,适合通过既有或补齐后的 JSON API 迁入 TUI。,command-center.overview,,,M3,remove_with_consumer,,,e734b1c6ad07ac15148d8ff1bb018f3ef6de58d84fec42e45c488705e12973f9,schema=tui-metadata.v3;runtime=agomtui-runtime-0.2.0+9fdceb2691de;ia=2026-07-21,,,,not_started,,backlog,dashboard,Codex M0 inventory review,2026-07-26,,apps/dashboard/interface/alpha_stock_views.py:576
core/templates/dashboard/partials/position_detail.html,dashboard/partials/position_detail.html,partial_component,dashboard,28e75735835993a4c83f72b52ac4cce235db2deb96c0b14a9160410265105997,api_dashboard:position_detail,/api/dashboard/position/<str:asset_code>/,apps.dashboard.interface.portfolio_views.position_detail_htmx,GET,core/templates/dashboard/partials/position_detail.html,,,,,,,authenticated,true,dashboard.backend_authorization,none_detected,,false,false,false,review_required,A,适合通过既有或补齐后的 JSON API 迁入 TUI。,command-center.overview,,,M3,remove_with_consumer,,,e734b1c6ad07ac15148d8ff1bb018f3ef6de58d84fec42e45c488705e12973f9,schema=tui-metadata.v3;runtime=agomtui-runtime-0.2.0+9fdceb2691de;ia=2026-07-21,,,,not_started,,backlog,dashboard,Codex M0 inventory review,2026-07-26,,apps/dashboard/interface/portfolio_views.py:39
core/templates/dashboard/partials/positions_table.html,dashboard/partials/positions_table.html,partial_component,dashboard,9387aa38dda7604e7f8c93bc35a5d763a0ec00b5361db6c3e25cf98f0d872370,api_dashboard:positions_list,/api/dashboard/positions/,apps.dashboard.interface.portfolio_views.positions_list_htmx,GET,core/templates/dashboard/partials/positions_table.html,,,core/templates/dashboard/index.html,,,,authenticated,true,dashboard.backend_authorization,none_detected,,false,false,false,review_required,A,适合通过既有或补齐后的 JSON API 迁入 TUI。,command-center.overview,,,M3,remove_with_consumer,,,e734b1c6ad07ac15148d8ff1bb018f3ef6de58d84fec42e45c488705e12973f9,schema=tui-metadata.v3;runtime=agomtui-runtime-0.2.0+9fdceb2691de;ia=2026-07-21,,,,not_started,,backlog,dashboard,Codex M0 inventory review,2026-07-26,,apps/dashboard/interface/portfolio_views.py:92
core/templates/dashboard/teaching_modal.html,dashboard/teaching_modal.html,partial_component,dashboard,7f05259c89e4572b03c8c33bfa99f4a294a02de365fae7c7376d8930a94a5238,,,,unknown,core/templates/dashboard/teaching_modal.html,,,core/templates/dashboard/index.html;core/templates/regime/dashboard.html,,,,authenticated,true,dashboard.backend_authorization,none_detected,,false,false,false,review_required,A,适合通过既有或补齐后的 JSON API 迁入 TUI。,command-center.overview,,,M3,remove_with_consumer,,,e734b1c6ad07ac15148d8ff1bb018f3ef6de58d84fec42e45c488705e12973f9,schema=tui-metadata.v3;runtime=agomtui-runtime-0.2.0+9fdceb2691de;ia=2026-07-21,,,,not_started,,backlog,dashboard,Codex M0 inventory review,2026-07-26,,
core/templates/data_center/monitor.html,data_center/monitor.html,route_page,data_center,bc45ce704e509761087046bb3f1d37a1f530906f48e302a32ac122e1cc6601c5,data_center:dc-monitor-page,/data-center/monitor/,apps.data_center.interface.views.monitor_page,GET,core/templates/data_center/monitor.html,base.html,components/classic_tui_migration_banner.html,,,,查看活动 Provider 健康熔断失败次数与延迟,admin,true,is_admin_user,none_detected,/api/data-center/providers/status/,true,false,false,closed,A,复用既有 admin provider status API并发布六列健康表。,api-library.data-center,data-center.provider-status,,M3-data-center-governance-w42,redirect_to_tui,/tui/?screen=api-library.data-center&action=data-center.provider-status,f05399dde14d93671e61e2c7ecf7b759acd4bfd5,e734b1c6ad07ac15148d8ff1bb018f3ef6de58d84fec42e45c488705e12973f9,schema=tui-metadata.v3;runtime=agomtui-runtime-0.2.0+9fdceb2691de;ia=2026-07-21,tests/unit/test_tui_workbench.py::test_tui_data_center_admin_tasks_are_flat_and_hidden_from_regular_users,tests/integration/data_center/test_api.py,live-server health/empty/error UAT pending,complete,instrumented_awaiting_14d_production_samples,migrated,data_center,Codex M3 review,2026-07-26,,apps/data_center/interface/views.py:32
core/templates/data_center/providers.html,data_center/providers.html,route_page,data_center,8322d4e42c6429465599d237993fb403978b3f1b74fc8e25cb0d07c3176bc144,data_center:dc-providers-page,/data-center/providers/,apps.data_center.interface.views.providers_page,GET,core/templates/data_center/providers.html,base.html,components/classic_tui_migration_banner.html,,,,查看 Provider 配置并执行单次连接探测,admin,true,is_admin_user,none_detected,/api/data-center/providers/,true,false,false,closed,A,复用既有 admin owner list与连接测试 API并屏蔽凭证字段。,api-library.data-center,auto.api.get.api.data-center.providers;data-center.provider-test,,M3-data-center-governance-w42,redirect_to_tui,/tui/?screen=api-library.data-center&action=auto.api.get.api.data-center.providers,f05399dde14d93671e61e2c7ecf7b759acd4bfd5,e734b1c6ad07ac15148d8ff1bb018f3ef6de58d84fec42e45c488705e12973f9,schema=tui-metadata.v3;runtime=agomtui-runtime-0.2.0+9fdceb2691de;ia=2026-07-21,tests/unit/test_tui_workbench.py::test_tui_data_center_admin_tasks_are_flat_and_hidden_from_regular_users,tests/integration/data_center/test_provider_connection_governance.py,live-server list/test/error UAT pending,complete,instrumented_awaiting_14d_production_samples,migrated,data_center,Codex M3 review,2026-07-26,,apps/data_center/interface/views.py:23
core/templates/decision/steps/audit.html,decision/steps/audit.html,partial_component,decision,78d8a39236ec64ec039b6eab9433bb5c2eb9b677f4886cc88c46642a46c2e3b7,,,,unknown,core/templates/decision/steps/audit.html,,,,,,,authenticated,true,decision.backend_authorization,none_detected,,false,false,false,not_applicable,A,随兼容期 Decision Workspace 消费者在 M5 清理；不作为独立 TUI 用户任务。,command-center.decision-flow,,,M5,remove_with_consumer,,,e734b1c6ad07ac15148d8ff1bb018f3ef6de58d84fec42e45c488705e12973f9,schema=tui-metadata.v3;runtime=agomtui-runtime-0.2.0+9fdceb2691de;ia=2026-07-21,,,,not_applicable,,backlog,decision,Codex M3 review,2026-07-26,,Classic HTMX partial; remove only after workspace M5 exit gate
core/templates/decision/steps/direction.html,decision/steps/direction.html,partial_component,decision,6299c261ec2994ffbbc90bc33c1ab8a9bc544b6c73a965eb65a2d5483f4b1877,funnel-step-2,/api/decision/context/step2/,core.views_decision_funnel.funnel_step2_view,GET,core/templates/decision/steps/direction.html,,,,,,,authenticated,true,decision.backend_authorization,none_detected,,false,false,false,not_applicable,A,随兼容期 Decision Workspace 消费者在 M5 清理；HTML partial 不作为 TUI JSON action。,command-center.decision-flow,,,M5,remove_with_consumer,,,e734b1c6ad07ac15148d8ff1bb018f3ef6de58d84fec42e45c488705e12973f9,schema=tui-metadata.v3;runtime=agomtui-runtime-0.2.0+9fdceb2691de;ia=2026-07-21,,,,not_applicable,,backlog,decision,Codex M3 review,2026-07-26,,core/views_decision_funnel.py:44; Classic HTMX partial
core/templates/decision/steps/environment.html,decision/steps/environment.html,partial_component,decision,b8e0cc6a4a04aa1e19ed498fb6ac498c8075234bb87a81b3e450835714978b26,funnel-step-1,/api/decision/context/step1/,core.views_decision_funnel.funnel_step1_view,GET,core/templates/decision/steps/environment.html,,,,,,,authenticated,true,decision.backend_authorization,none_detected,,false,false,false,not_applicable,A,随兼容期 Decision Workspace 消费者在 M5 清理；HTML partial 不作为 TUI JSON action。,command-center.decision-flow,,,M5,remove_with_consumer,,,e734b1c6ad07ac15148d8ff1bb018f3ef6de58d84fec42e45c488705e12973f9,schema=tui-metadata.v3;runtime=agomtui-runtime-0.2.0+9fdceb2691de;ia=2026-07-21,,,,not_applicable,,backlog,decision,Codex M3 review,2026-07-26,,core/views_decision_funnel.py:23; Classic HTMX partial
core/templates/decision/steps/execute.html,decision/steps/execute.html,partial_component,decision,dfec72c593ffb228d24e14f4e2ca0be4b91a86eb370da54b6282c54dbcb142bf,funnel-step-6,/api/decision/context/step6/,core.views_decision_funnel.funnel_step6_view,GET,core/templates/decision/steps/execute.html,,,,,,,authenticated,true,decision.backend_authorization,none_detected,,false,false,false,not_applicable,A,随兼容期 Decision Workspace 消费者在 M5 清理；HTML partial 不作为 TUI JSON action。,command-center.decision-flow,,,M5,remove_with_consumer,,,e734b1c6ad07ac15148d8ff1bb018f3ef6de58d84fec42e45c488705e12973f9,schema=tui-metadata.v3;runtime=agomtui-runtime-0.2.0+9fdceb2691de;ia=2026-07-21,,,,not_applicable,,backlog,decision,Codex M3 review,2026-07-26,,core/views_decision_funnel.py:96; Classic HTMX partial
core/templates/decision/steps/plan.html,decision/steps/plan.html,partial_component,decision,edeee59f61b6d54bffe14bc42721aec62fa808e59abf85847b358ed2a532ce46,funnel-step-5,/api/decision/context/step5/,core.views_decision_funnel.funnel_step5_view,GET,core/templates/decision/steps/plan.html,,,,,,,authenticated,true,decision.backend_authorization,none_detected,,false,false,false,not_applicable,A,随兼容期 Decision Workspace 消费者在 M5 清理；HTML partial 不作为 TUI JSON action。,command-center.decision-flow,,,M5,remove_with_consumer,,,e734b1c6ad07ac15148d8ff1bb018f3ef6de58d84fec42e45c488705e12973f9,schema=tui-metadata.v3;runtime=agomtui-runtime-0.2.0+9fdceb2691de;ia=2026-07-21,,,,not_applicable,,backlog,decision,Codex M3 review,2026-07-26,,core/views_decision_funnel.py:90; Classic HTMX partial
core/templates/decision/steps/screen.html,decision/steps/screen.html,partial_component,decision,9d4382ddb836b38526540dd9a39cef51e52e812570fd0fdf9f873a04d49cc063,funnel-step-4,/api/decision/context/step4/,core.views_decision_funnel.funnel_step4_view,GET,core/templates/decision/steps/screen.html,,components/investment_disclaimer.html,,,,,authenticated,true,decision.backend_authorization,none_detected,,false,false,false,not_applicable,A,随兼容期 Decision Workspace 消费者在 M5 清理；HTML partial 不作为 TUI JSON action。,command-center.decision-flow,,,M5,remove_with_consumer,,,e734b1c6ad07ac15148d8ff1bb018f3ef6de58d84fec42e45c488705e12973f9,schema=tui-metadata.v3;runtime=agomtui-runtime-0.2.0+9fdceb2691de;ia=2026-07-21,,,,not_applicable,,backlog,decision,Codex M3 review,2026-07-26,,core/views_decision_funnel.py:84; Classic HTMX partial
core/templates/decision/steps/sector.html,decision/steps/sector.html,partial_component,decision,ed8e1eead21795e1d834c1505f18eeeafd0c6862393c92dc24b88fa9cb7c9f99,funnel-step-3,/api/decision/context/step3/,core.views_decision_funnel.funnel_step3_view,GET,core/templates/decision/steps/sector.html,,,,,,,authenticated,true,decision.backend_authorization,none_detected,,false,false,false,not_applicable,A,随兼容期 Decision Workspace 消费者在 M5 清理；HTML partial 不作为 TUI JSON action。,command-center.decision-flow,,,M5,remove_with_consumer,,,e734b1c6ad07ac15148d8ff1bb018f3ef6de58d84fec42e45c488705e12973f9,schema=tui-metadata.v3;runtime=agomtui-runtime-0.2.0+9fdceb2691de;ia=2026-07-21,,,,not_applicable,,backlog,decision,Codex M3 review,2026-07-26,,core/views_decision_funnel.py:65; Classic HTMX partial
core/templates/decision/workspace.html,decision/workspace.html,route_page,decision,57f1f55df16e7507bf98b73da42e473b57ebd274c562de96fbc764dcd1b4b665,decision-workspace,/decision/workspace/,core.views.decision_workspace_view,GET,core/templates/decision/workspace.html,base.html,,,css/decision-workspace.css,,decision: workspace,authenticated,true,decision.backend_authorization,none_detected,/api/decision/context/step1/;/api/decision/context/step2/;/api/decision/context/step3/;/api/decision/context/step4/;/api/decision/context/step5/;/api/decision/context/step6/;/api/decision/execute/approve/;/api/decision/execute/preview/;/api/decision/execute/reject/;/api/decision/workspace/conflicts/;/api/decision/workspace/invalidation/ai-draft/;/api/decision/workspace/invalidation/template/;/api/decision/workspace/plans/generate/;/api/decision/workspace/recommendations/;/api/decision/workspace/recommendations/action/;/api/decision/workspace/recommendations/refresh/,true,false,false,closed,A,每日决策主任务已由 owner JSON API 和确认式 TUI actions 闭环；Classic 仅作兼容回滚。,command-center.decision-flow,auto.api.get.api.decision.workspace.aggregated;auto.api.get.api.decision.workspace.recommendations;auto.api.get.api.decision.workspace.conflicts;decision.workspace.recommendations_refresh;decision.workspace.recommendation_action;decision.workspace.plan_generate;decision.workspace.plan_update;decision.workspace.invalidation_template;decision.workspace.invalidation_ai_draft;decision.execute.preview;decision.execute.approve;decision.execute.reject,,M3-decision-workspace-w26,redirect_to_tui,/tui/?screen=command-center.decision-flow&action=auto.api.get.api.decision.workspace.aggregated,f05399dde14d93671e61e2c7ecf7b759acd4bfd5,e734b1c6ad07ac15148d8ff1bb018f3ef6de58d84fec42e45c488705e12973f9,schema=tui-metadata.v3;runtime=agomtui-runtime-0.2.0+9fdceb2691de;ia=2026-07-21,tests/unit/test_tui_workbench.py::test_tui_decision_flow_publishes_confirmed_daily_workflow_actions,tests/api/test_workspace_recommendations_api_edges.py;tests/integration/test_transition_plan_api.py,live-server UAT pending,complete,instrumented_awaiting_14d_production_samples,migrated,decision,Codex M3 review,2026-07-26,,core/views.py:518; six HTMX step partials stay M5 remove_with_consumer because they are not JSON APIs
core/templates/docs/detail.html,docs/detail.html,external,docs,0ea4be7da3b03fcbdc4970b7d051965f6c9981ef624e5a552b8b0edb884cb01d,docs;docs-detail,/docs/;/docs/<str:doc_slug>/,core.views.docs_view,GET,core/templates/docs/detail.html,base.html,,,vendor/marked/marked.min.js,,,external_or_mixed,unknown,docs.backend_authorization,none_detected,,true,false,false,not_applicable,C,低频文档展示保留 Web 阅读体验。,,,,retained,retain,,,e734b1c6ad07ac15148d8ff1bb018f3ef6de58d84fec42e45c488705e12973f9,schema=tui-metadata.v3;runtime=agomtui-runtime-0.2.0+9fdceb2691de;ia=2026-07-21,,,,not_applicable,,retained,docs,Codex M0 inventory review,2026-07-26,,core/views.py:233
core/templates/docs/list.html,docs/list.html,external,docs,dbb9c5a6bb7eb758cbcdd028cc5499db76766bd62a9867974906645efca6a1b3,docs;docs-detail,/docs/;/docs/<str:doc_slug>/,core.views.docs_view,GET,core/templates/docs/list.html,base.html,,,,,,external_or_mixed,unknown,docs.backend_authorization,none_detected,,false,false,false,not_applicable,C,低频文档展示保留 Web 阅读体验。,,,,retained,retain,,,e734b1c6ad07ac15148d8ff1bb018f3ef6de58d84fec42e45c488705e12973f9,schema=tui-metadata.v3;runtime=agomtui-runtime-0.2.0+9fdceb2691de;ia=2026-07-21,,,,not_applicable,,retained,docs,Codex M0 inventory review,2026-07-26,,core/views.py:254
core/templates/equity/base.html,equity/base.html,layout,equity,2e7e827c032b8dd7fc4c03714565ce7e9de0fb6bec31d09ff241e16b7934bcfe,,,,unknown,core/templates/equity/base.html,base.html,,core/templates/equity/config.html;core/templates/equity/detail.html;core/templates/equity/pool.html;core/templates/equity/screen.html;core/templates/equity/valuation_repair.html,css/equity.css,,,authenticated,true,equity.backend_authorization,none_detected,,false,false,false,review_required,A,适合通过既有或补齐后的 JSON API 迁入 TUI。,research.asset-lab,,,M3,remove_with_consumer,,,e734b1c6ad07ac15148d8ff1bb018f3ef6de58d84fec42e45c488705e12973f9,schema=tui-metadata.v3;runtime=agomtui-runtime-0.2.0+9fdceb2691de;ia=2026-07-21,,,,not_started,,backlog,equity,Codex M0 inventory review,2026-07-26,,
core/templates/equity/config.html,equity/config.html,route_page,equity,1c7ab7378e27e4c36aadbc12ddf6c9160b37f1dc1cb35d02cc588a9f54aeee3d,equity:valuation_repair_config,/equity/valuation-repair/config/,apps.equity.interface.page_views.valuation_repair_config_page,GET,core/templates/equity/config.html,equity/base.html,,,,,equity: config,admin,true,equity.backend_authorization,versioned_config_create_update_activate_rollback_delete,/api/equity/config/valuation-repair,true,true,false,closed,A,完整版本化配置治理已由管理员 owner API 和确认式 TUI actions 闭环。,research.asset-lab,equity.valuation-config-list;equity.valuation-config-active;equity.valuation-config-create;equity.valuation-config-update;equity.valuation-config-activate;equity.valuation-config-rollback;equity.valuation-config-delete;equity.valuation-config-clear-cache,,M3-equity-config-w28,redirect_to_tui,/tui/?screen=research.asset-lab&action=equity.valuation-config-active,f05399dde14d93671e61e2c7ecf7b759acd4bfd5,e734b1c6ad07ac15148d8ff1bb018f3ef6de58d84fec42e45c488705e12973f9,schema=tui-metadata.v3;runtime=agomtui-runtime-0.2.0+9fdceb2691de;ia=2026-07-21,tests/unit/test_tui_workbench.py::test_tui_equity_valuation_config_publishes_versioned_admin_workflow,tests/integration/test_valuation_repair_config_api.py,live-server UAT pending,complete,instrumented_awaiting_14d_production_samples,migrated,equity,Codex M3 review,2026-07-26,,apps/equity/interface/page_views.py:92
core/templates/equity/detail.html,equity/detail.html,route_page,equity,7d238da5c0eba5a09604bc95a9f11f960ab04ab0e77b527b98218e69d1a69fcd,equity:detail,/equity/detail/<str:stock_code>/,apps.equity.interface.page_views.detail_page,GET,core/templates/equity/detail.html,equity/base.html,components/classic_tui_migration_banner.html,,css/equity.css;js/echarts.min.js;vendor/chartjs/chart.umd.min.js;widgets/configs/equity_widget.json,,复核个股估值、价格动量、日内走势与 Regime 表现,authenticated,true,equity.backend_authorization,none_detected,/api/equity/stocks/<str:stock_code>/valuation/overview/;/api/equity/stocks/<str:stock_code>/technical/;/api/equity/stocks/<str:stock_code>/intraday/;/api/equity/stocks/<str:stock_code>/regime-performance/,true,false,false,closed_existing_owner_api,B,既有 owner API 已提供 portable 技术与 Regime 序列；通过 M1 chart 契约迁入。,research.asset-lab,equity.valuation-overview;equity.technical-price;equity.technical-momentum;equity.intraday-price;equity.regime-correlation,,M4-equity-analytics-w50,redirect_to_tui,/tui/?screen=research.asset-lab&action=equity.valuation-overview,2f0e8cce24243ade60036cfd221c514cc2451bec,e734b1c6ad07ac15148d8ff1bb018f3ef6de58d84fec42e45c488705e12973f9,schema=tui-metadata.v3;runtime=agomtui-runtime-0.2.0+9fdceb2691de;ia=2026-07-21,tests/unit/test_tui_workbench.py::test_tui_equity_analytics_cover_detail_pool_and_valuation_repair,tests/api/test_equity_api_edges.py,live-server charts/empty-state/deep-link UAT pending,complete,instrumented_awaiting_14d_production_samples,migrated,equity,Codex M4 review,2026-07-26,,Classic detail retained; Pulse and Data Center tasks remain on their canonical screens.
core/templates/equity/pool.html,equity/pool.html,route_page,equity,b44c385d6de489d3b52a8d107368ee1e72fe6baff875464550d36e11975cf7f2,equity:pool,/equity/pool/,apps.equity.interface.page_views.pool_page,GET,core/templates/equity/pool.html,equity/base.html,components/classic_tui_migration_banner.html,,vendor/chartjs/chart.umd.min.js,,查看当前股票池、板块分布并按需刷新,authenticated,true,equity.backend_authorization,refresh_pool,/api/equity/pool/;/api/equity/pool/refresh/,true,true,false,closed_owner_api_projection,B,owner pool response 补齐稳定板块分布投影；刷新继续由既有写 API 承载。,research.asset-lab,equity.pool-summary;equity.pool-list;equity.pool-sector-distribution;equity.pool-refresh,,M4-equity-analytics-w50,redirect_to_tui,/tui/?screen=research.asset-lab&action=equity.pool-summary,2f0e8cce24243ade60036cfd221c514cc2451bec,e734b1c6ad07ac15148d8ff1bb018f3ef6de58d84fec42e45c488705e12973f9,schema=tui-metadata.v3;runtime=agomtui-runtime-0.2.0+9fdceb2691de;ia=2026-07-21,tests/unit/test_tui_workbench.py::test_tui_equity_analytics_cover_detail_pool_and_valuation_repair,tests/api/test_equity_api_edges.py,live-server refresh/pie/empty-state UAT pending,complete,instrumented_awaiting_14d_production_samples,migrated,equity,Codex M4 review,2026-07-26,,Classic pool retained; TUI refresh requires explicit confirmation and keeps owner authorization.
core/templates/equity/screen.html,equity/screen.html,route_page,equity,27e7fd25ba14bbdb2a8245b4bd13691893b9b9d0f6c3b6a0da11e2665b42470c,equity:screen,/equity/screen/,apps.equity.interface.page_views.screen_page,GET,core/templates/equity/screen.html,equity/base.html,,,widgets/configs/equity_widget.json,,equity: screen,authenticated,true,equity.backend_authorization,screen_execute,/api/dashboard/alpha/refresh/;/api/equity/financial-data/sync/;/api/equity/screen/;/api/equity/valuation-data/sync/,true,true,false,closed,A,个股手动筛选主任务已用扁平业务字段接入 owner API；自动 Alpha 排名与数据修复按各自 owner wave 收口。,research.asset-lab,equity.screen-stocks,,M3-equity-screen-w29,redirect_to_tui,/tui/?screen=research.asset-lab&action=equity.screen-stocks,f05399dde14d93671e61e2c7ecf7b759acd4bfd5,e734b1c6ad07ac15148d8ff1bb018f3ef6de58d84fec42e45c488705e12973f9,schema=tui-metadata.v3;runtime=agomtui-runtime-0.2.0+9fdceb2691de;ia=2026-07-21,tests/unit/test_tui_workbench.py::test_tui_equity_screen_uses_flat_business_fields,tests/e2e/test_dashboard_equity_navigation.py::test_equity_screen_api_returns_displayable_items,live-server UAT pending,complete,instrumented_awaiting_14d_production_samples,migrated,equity,Codex M3 review,2026-07-26,,apps/equity/interface/page_views.py:29; dashboard Alpha ranking remains M3 dashboard owner; financial and valuation sync remain supporting repair tasks
core/templates/equity/valuation_repair.html,equity/valuation_repair.html,route_page,equity,7b8b71ef93064672d397fef489e6d49890bfb9e704fd48a8fce4172daf6e9a05,equity:valuation_repair,/equity/valuation-repair/,apps.equity.interface.page_views.valuation_repair_page,GET,core/templates/equity/valuation_repair.html,equity/base.html,components/classic_tui_migration_banner.html,,vendor/js/echarts.min.js,,巡检估值数据修复状态并复核百分位历史,authenticated,true,equity.backend_authorization,scan_valuation_repairs,/api/equity/valuation-repair/;/api/equity/valuation-repair/<str:stock_code>/;/api/equity/valuation-repair/<str:stock_code>/history/;/api/equity/valuation-repair/scan/,true,false,false,closed_owner_api_projection,B,既有 owner API 已覆盖列表详情和扫描；历史响应补齐百分比 chart projection。,research.asset-lab,equity.valuation-repair-list;equity.valuation-repair-detail;equity.valuation-repair-history;equity.valuation-repair-scan,,M4-equity-analytics-w50,redirect_to_tui,/tui/?screen=research.asset-lab&action=equity.valuation-repair-list,2f0e8cce24243ade60036cfd221c514cc2451bec,e734b1c6ad07ac15148d8ff1bb018f3ef6de58d84fec42e45c488705e12973f9,schema=tui-metadata.v3;runtime=agomtui-runtime-0.2.0+9fdceb2691de;ia=2026-07-21,tests/unit/test_tui_workbench.py::test_tui_equity_analytics_cover_detail_pool_and_valuation_repair,tests/api/test_valuation_repair_api.py,live-server scan/history/empty-state UAT pending,complete,instrumented_awaiting_14d_production_samples,migrated,equity,Codex M4 review,2026-07-26,,Classic valuation repair retained; scan mutation requires explicit confirmation.
core/templates/factor/base.html,factor/base.html,layout,factor,e81b5db443534a285529cc595a1dd2a502454ebf1b09bdadfe9f9b1a1e5d9cb5,,,,unknown,core/templates/factor/base.html,base.html,,core/templates/factor/calculate.html;core/templates/factor/manage.html;core/templates/factor/portfolios.html,css/factor.css,,,authenticated,true,factor.backend_authorization,none_detected,,false,false,false,not_applicable,A,三个 Factor route consumer 均已迁移；共享 layout 不作为独立 TUI 用户任务，随消费者在 M5 删除。,research.asset-lab,,,M5,remove_with_consumer,,,e734b1c6ad07ac15148d8ff1bb018f3ef6de58d84fec42e45c488705e12973f9,schema=tui-metadata.v3;runtime=agomtui-runtime-0.2.0+9fdceb2691de;ia=2026-07-21,,,,not_applicable,,backlog,factor,Codex M3 review,2026-07-26,,Classic shared layout retained through telemetry gate
core/templates/factor/calculate.html,factor/calculate.html,route_page,factor,55c9c2f69e737b1d30de246ba73a211de65e8f3e081cd9b749c34c34896e5986,factor:calculate,/factor/calculate/,apps.factor.interface.views.factor_calculate_view,GET,core/templates/factor/calculate.html,factor/base.html,,,,,按已存因子组合计算股票分数并解释个股贡献,authenticated,true,factor.backend_authorization,POST,,true,true,true,closed,A,按已存配置 ID 提交有界标量参数；计算与解释均已通过 owner Application service 接入 TUI。,research.asset-lab,factor.calculate-config;factor.explain-config-stock,,M3-factor-calculate-w31,redirect_to_tui,/tui/?screen=research.asset-lab&action=factor.calculate-config,f05399dde14d93671e61e2c7ecf7b759acd4bfd5,e734b1c6ad07ac15148d8ff1bb018f3ef6de58d84fec42e45c488705e12973f9,schema=tui-metadata.v3;runtime=agomtui-runtime-0.2.0+9fdceb2691de;ia=2026-07-21,tests/unit/test_tui_workbench.py::test_tui_factor_calculation_uses_stored_config_without_raw_json,tests/api/test_factor_api_edges.py,live-server calculation/explanation UAT pending,complete,instrumented_awaiting_14d_production_samples,migrated,factor,Codex M3 review,2026-07-26,,apps/factor/interface/views.py:510
core/templates/factor/manage.html,factor/manage.html,route_page,factor,b88fc1bde86df0183b1d60f04b4637ee1da9d71be40cf324e725820e3cfa54d7,factor:manage,/factor/manage/,apps.factor.interface.views.factor_manage_view,GET,core/templates/factor/manage.html,factor/base.html,,,,,查看并治理因子定义的来源、方向、质量要求与启用状态,authenticated,true,factor.backend_authorization,POST;PATCH;DELETE,,true,true,false,closed,A,完整 CRUD 与启停已通过既有 owner Application service 接入；TUI 仅发布领域允许的枚举和有界字段。,research.asset-lab,factor.definition-list;factor.definition-detail;factor.definition-create;factor.definition-update;factor.definition-toggle;factor.definition-delete,,M3-factor-definitions-w32,redirect_to_tui,/tui/?screen=research.asset-lab&action=factor.definition-list,f05399dde14d93671e61e2c7ecf7b759acd4bfd5,e734b1c6ad07ac15148d8ff1bb018f3ef6de58d84fec42e45c488705e12973f9,schema=tui-metadata.v3;runtime=agomtui-runtime-0.2.0+9fdceb2691de;ia=2026-07-21,tests/unit/test_tui_workbench.py::test_tui_factor_definition_governance_exposes_complete_curated_crud,tests/integration/test_factor_definition_api.py,live-server CRUD/filter/toggle UAT pending,complete,instrumented_awaiting_14d_production_samples,migrated,factor,Codex M3 review,2026-07-26,,apps/factor/interface/views.py:488
core/templates/factor/portfolios.html,factor/portfolios.html,route_page,factor,a38b835b7ff038364b480900c8b6c13ce487685c1165c6fc2301c681ecdd2682,factor:portfolios,/factor/portfolios/,apps.factor.interface.views.portfolio_list_view,GET,core/templates/factor/portfolios.html,factor/base.html,,,,,配置因子组合、逐项权重、启停状态并生成持仓,authenticated,true,factor.backend_authorization,PATCH;POST;DELETE,,true,true,false,closed,A,标量配置 CRUD、逐项权重、启停与组合生成已闭环；不向用户暴露 factor_weights 原始 JSON 编辑。,research.asset-lab,factor.portfolio-config-list;factor.portfolio-config-detail;factor.portfolio-config-create;factor.portfolio-config-update;factor.portfolio-factor-weight-set;factor.portfolio-factor-weight-remove;factor.portfolio-config-activate;factor.portfolio-config-deactivate;factor.portfolio-config-generate;factor.portfolio-config-delete,,M3-factor-portfolios-w33,redirect_to_tui,/tui/?screen=research.asset-lab&action=factor.portfolio-config-list,f05399dde14d93671e61e2c7ecf7b759acd4bfd5,e734b1c6ad07ac15148d8ff1bb018f3ef6de58d84fec42e45c488705e12973f9,schema=tui-metadata.v3;runtime=agomtui-runtime-0.2.0+9fdceb2691de;ia=2026-07-21,tests/unit/test_tui_workbench.py::test_tui_factor_portfolio_config_uses_scalar_weight_operations,tests/integration/test_factor_portfolio_config_api.py,live-server config/weights/generation UAT pending,complete,instrumented_awaiting_14d_production_samples,migrated,factor,Codex M3 review,2026-07-26,,apps/factor/interface/views.py:499
core/templates/filter/dashboard.html,filter/dashboard.html,route_page,filter,39c68f29c8c6d7eb5267a88f0d585819d8c3bf7e93fe32cd492ff4dd5d4d43c3,filter:dashboard,/filter/dashboard/,apps.filter.interface.views.filter_dashboard_view,GET,core/templates/filter/dashboard.html,base.html,components/classic_tui_migration_banner.html,,vendor/js/echarts.min.js;widgets/configs/filter_widget.json,,使用受治理宏观序列比较原始值、长期趋势、周期分量与斜率,authenticated,true,filter.backend_authorization,none_detected,/api/macro/tui/trend-filter/,true,false,false,closed_owner_api,B,Filter 已弃用；由 Macro owner 通过 Data Center 真源和共享 PIT-safe 算法发布只读替代任务，不新增 Filter 消费者。,research.asset-lab,macro.trend-filter-summary;macro.trend-filter-chart;macro.trend-filter-components,,M4-macro-trend-filter-w49,redirect_to_tui,/tui/?screen=research.asset-lab&action=macro.trend-filter-summary,2f0e8cce24243ade60036cfd221c514cc2451bec,e734b1c6ad07ac15148d8ff1bb018f3ef6de58d84fec42e45c488705e12973f9,schema=tui-metadata.v3;runtime=agomtui-runtime-0.2.0+9fdceb2691de;ia=2026-07-21,tests/unit/macro/test_trend_filter_service.py;tests/unit/test_tui_workbench.py,tests/api/test_macro_regime_tui_api.py,live-server HP/Kalman chart empty state decision-grade and viewport UAT pending,implemented,instrumented_awaiting_14d_production_samples,migrated,macro,Codex M4 review,2026-07-26,,Macro replacement is read-only and non-persistent;deprecated Filter auto actions are pruned after replacement publication
core/templates/fund/dashboard.html,fund/dashboard.html,route_page,fund,f91330b39ce58524a2438b416980883f5961ea578c4efb3f2bfb099de399aa31,fund:dashboard,/fund/dashboard/,apps.fund.interface.views.dashboard_view,GET,core/templates/fund/dashboard.html,base.html,,,css/fund.css;widgets/configs/fund_widget.json,,筛选和排名基金并查看评分、风格、业绩、资料、净值与持仓,authenticated,true,fund.backend_authorization,POST,/api/fund/multidim-screen/;/api/fund/performance/calculate/;/api/fund/rank/;/api/fund/screen/;/api/prompt/chat,true,false,false,closed,A,新增独立 typed 扁平多维筛选端点并复用 owner Application service；其余研究任务直接复用既有 JSON API。,research.asset-lab,fund.multidim-screen;fund.rank;fund.score;fund.style;fund.performance;fund.info;fund.nav;fund.holdings,,M3-fund-w35,redirect_to_tui,/tui/?screen=research.asset-lab&action=fund.multidim-screen,f05399dde14d93671e61e2c7ecf7b759acd4bfd5,e734b1c6ad07ac15148d8ff1bb018f3ef6de58d84fec42e45c488705e12973f9,schema=tui-metadata.v3;runtime=agomtui-runtime-0.2.0+9fdceb2691de;ia=2026-07-21,tests/unit/test_tui_workbench.py::test_tui_fund_research_exposes_flat_multidim_and_detail_workflows,tests/api/test_fund_api_edges.py,live-server multidim/rank/detail UAT pending,complete,instrumented_awaiting_14d_production_samples,migrated,fund,Codex M3 review,2026-07-26,,apps/fund/interface/views.py:58
core/templates/hedge/alerts.html,hedge/alerts.html,route_page,hedge,94dcb72e71b546f1e370ab4b077c617c4b590e25755a6c87872c29dbdf99c09a,hedge:alerts,/hedge/alerts/,apps.hedge.interface.views.hedge_alerts_view,GET,core/templates/hedge/alerts.html,hedge/base.html,,,,,查看近期对冲告警并由管理员运行监控或解决告警,authenticated,true,hedge.backend_authorization,POST,,true,false,false,closed,A,认证用户读取告警；管理员监控和解决动作保持 owner IsAdminUser 权限并显式确认。,macro-regime.strategy,hedge.alert-list;hedge.alert-active;hedge.alert-monitor;hedge.alert-resolve,,M3-hedge-w34,redirect_to_tui,/tui/?screen=macro-regime.strategy&action=hedge.alert-active,f05399dde14d93671e61e2c7ecf7b759acd4bfd5,e734b1c6ad07ac15148d8ff1bb018f3ef6de58d84fec42e45c488705e12973f9,schema=tui-metadata.v3;runtime=agomtui-runtime-0.2.0+9fdceb2691de;ia=2026-07-21,tests/unit/test_tui_workbench.py::test_tui_hedge_workflows_cover_pairs_snapshots_and_alerts,tests/api/test_hedge_api.py,live-server monitor/resolve UAT pending,complete,instrumented_awaiting_14d_production_samples,migrated,hedge,Codex M3 review,2026-07-26,,apps/hedge/interface/views.py:417
core/templates/hedge/base.html,hedge/base.html,layout,hedge,0baa7a29a656ec25dc8790a96441547dca5f12d0f5dc8752f4220da7551007e6,,,,unknown,core/templates/hedge/base.html,base.html,components/investment_disclaimer.html,core/templates/hedge/alerts.html;core/templates/hedge/pairs.html;core/templates/hedge/snapshots.html,css/hedge.css,,,authenticated,true,hedge.backend_authorization,none_detected,/api/hedge/pairs/,true,false,false,not_applicable,A,三个 Hedge route consumer 均已迁移；共享 layout 与投资免责声明随消费者在 M5 清理。,macro-regime.strategy,,,M5,remove_with_consumer,,,e734b1c6ad07ac15148d8ff1bb018f3ef6de58d84fec42e45c488705e12973f9,schema=tui-metadata.v3;runtime=agomtui-runtime-0.2.0+9fdceb2691de;ia=2026-07-21,,,,not_applicable,,backlog,hedge,Codex M3 review,2026-07-26,,Classic shared layout retained through telemetry gate
core/templates/hedge/pairs.html,hedge/pairs.html,route_page,hedge,203e5fcc4e6484425af690ebe5ef1d9fd2b3244c2db212715fd83dff36dbd62e,hedge:pairs,/hedge/pairs/,apps.hedge.interface.views.hedge_pairs_view,GET,core/templates/hedge/pairs.html,hedge/base.html,,,,,配置对冲对并检查风险降低与有效性,authenticated,true,hedge.backend_authorization,POST;PATCH;DELETE,,true,false,false,closed,A,完整参数表单与 CRUD/启停保持管理员权限；认证用户可读并运行只读有效性计算。,macro-regime.strategy,hedge.pair-list;hedge.pair-detail;hedge.pair-create;hedge.pair-update;hedge.pair-activate;hedge.pair-deactivate;hedge.pair-effectiveness;hedge.pair-delete,,M3-hedge-w34,redirect_to_tui,/tui/?screen=macro-regime.strategy&action=hedge.pair-list,f05399dde14d93671e61e2c7ecf7b759acd4bfd5,e734b1c6ad07ac15148d8ff1bb018f3ef6de58d84fec42e45c488705e12973f9,schema=tui-metadata.v3;runtime=agomtui-runtime-0.2.0+9fdceb2691de;ia=2026-07-21,tests/unit/test_tui_workbench.py::test_tui_hedge_workflows_cover_pairs_snapshots_and_alerts,tests/api/test_hedge_api.py,live-server CRUD/effectiveness UAT pending,complete,instrumented_awaiting_14d_production_samples,migrated,hedge,Codex M3 review,2026-07-26,,apps/hedge/interface/views.py:353
core/templates/hedge/snapshots.html,hedge/snapshots.html,route_page,hedge,fc6897346f9fa6e759db0dff4cf274e2e618cf9954da71efe5d64252b86ece5e,hedge:snapshots,/hedge/snapshots/,apps.hedge.interface.views.hedge_snapshots_view,GET,core/templates/hedge/snapshots.html,hedge/base.html,,,,,查看对冲快照、再平衡状态并由管理员更新全部组合,authenticated,true,hedge.backend_authorization,POST,,true,false,false,closed,A,快照列表/最新状态向认证用户开放；全量更新保持管理员权限并显式确认。,macro-regime.strategy,hedge.snapshot-list;hedge.snapshot-latest;hedge.snapshot-update-all,,M3-hedge-w34,redirect_to_tui,/tui/?screen=macro-regime.strategy&action=hedge.snapshot-list,f05399dde14d93671e61e2c7ecf7b759acd4bfd5,e734b1c6ad07ac15148d8ff1bb018f3ef6de58d84fec42e45c488705e12973f9,schema=tui-metadata.v3;runtime=agomtui-runtime-0.2.0+9fdceb2691de;ia=2026-07-21,tests/unit/test_tui_workbench.py::test_tui_hedge_workflows_cover_pairs_snapshots_and_alerts,tests/api/test_hedge_api.py,live-server latest/update UAT pending,complete,instrumented_awaiting_14d_production_samples,migrated,hedge,Codex M3 review,2026-07-26,,apps/hedge/interface/views.py:384
core/templates/macro/data.html,macro/data.html,route_page,macro,e9913bde6dfa6f51c3538b7e09766013f2dee092f8ec302d2f1467396c929d25,macro:data,/macro/data/,apps.macro.interface.views.page_views.macro_data_view,GET,core/templates/macro/data.html,base.html,components/classic_tui_migration_banner.html;components/market_thermometer_card.html;components/pulse_card.html,,css/macro.css;vendor/js/echarts.min.js,,macro: data,authenticated,true,macro.backend_authorization,none_detected,/api/macro/tui/overview/,true,true,false,none_detected,B,检测到生产图表/Canvas 标记，依赖 M1 renderer 契约。,macro-regime.overview,macro.overview-summary;macro.indicator-trend;macro.risk-timeline,,M4-macro-regime-analytics-w47,redirect_to_tui,/tui/?screen=macro-regime.overview,2f0e8cce24243ade60036cfd221c514cc2451bec,e734b1c6ad07ac15148d8ff1bb018f3ef6de58d84fec42e45c488705e12973f9,schema=tui-metadata.v3;runtime=agomtui-runtime-0.2.0+9fdceb2691de;ia=2026-07-21,tests/unit/test_tui_workbench.py,tests/api/test_macro_regime_tui_api.py,live-server indicator selection line risk timeline and viewport UAT pending,implemented,instrumented_awaiting_14d_production_samples,migrated,macro,Codex M4 review,2026-07-26,,Macro owner TUI adapter exposes catalog summary selected series and flattened risk timeline
core/templates/macro/data_controller.html,macro/data_controller.html,route_page,macro,1fb248a34f03fa4dbf114170ff87e447ed56b6a037925a0543f97f53637b0402,,,,unknown,core/templates/macro/data_controller.html,base.html,,,css/macro.css,,macro: data controller,authenticated,true,macro.backend_authorization,none_detected,/api/data-center,true,false,false,not_applicable,D,Legacy controller route is redirect-only to data-center providers; no render consumer.,,,,M0-D,remove_404,,d4d28e7168c83438eb708cddc4cf9e96ba616569,92acf9e42ffcf6b76af5abf368297407870159a66e53876855873e2efabb436c,schema=tui-metadata.v3;runtime=agomtui-runtime-0.2.0+40a52d5a5e8f;ia=2026-07-21,tests/unit/test_web_template_migration_inventory.py;tests/component/test_route_name_compatibility.py;tests/component/test_template_rendering.py,,,not_applicable,django_url_resolver_loader_origin_and_repository_reference_scan,deleted,macro,Codex M0-D evidence review,2026-07-26,,no_runtime_consumer;M0-D-2026-07-26
core/templates/ops/admin_console.html,ops/admin_console.html,route_page,ops,2c99c82df3e637799c40a5d3a17581d973ce9046862573cc5fb40e4e63380cd5,admin-console,/admin-console/,core.views.admin_console_view,GET,core/templates/ops/admin_console.html,base.html,components/classic_tui_migration_banner.html,,css/admin-shell.css,,从管理员总入口进入用户、配置、数据与运行任务治理,admin,true,superuser,none_detected,,false,false,false,none_detected,A,导航聚合页不复制为新 TUI screen；复用数据与系统健康治理入口及既有 owner screens。,api-library.data-center,operator.governance.data_center_summary,,M3-ops-hubs-w39,redirect_to_tui,/tui/?screen=api-library.data-center,f05399dde14d93671e61e2c7ecf7b759acd4bfd5,e734b1c6ad07ac15148d8ff1bb018f3ef6de58d84fec42e45c488705e12973f9,schema=tui-metadata.v3;runtime=agomtui-runtime-0.2.0+9fdceb2691de;ia=2026-07-21,tests/integration/test_config_center_api.py,not_applicable,live-server role/deep-link UAT pending,complete,instrumented_awaiting_14d_production_samples,migrated,core / ai_capability,Codex M3 review,2026-07-26,,core/views.py:669;no duplicate navigation-only action
core/templates/ops/capability_gateway.html,ops/capability_gateway.html,route_page,ops,8f2a3df33d7dc790fc4a15f3a8ccde9de7ef4eaf9e35c8a316faa2491bde7941,settings-capability-gateway,/settings/capability-gateway/,apps.ai_capability.interface.views.capability_gateway_page,GET,core/templates/ops/capability_gateway.html,base.html,components/classic_tui_migration_banner.html,,css/admin-shell.css;js/capability_gateway.js,,获取 Token、Endpoint 与 Prompt，并由管理员治理能力语义键,authenticated;admin,true,authenticated;semantic governance staff only,confirmed_audited,,true,false,false,closed,A,普通用户复用 MCP 自助接入；管理员语义治理进入 MCP 治理中心，单条修正适配为扁平表单。,capability-router.self-service;capability-router.mcp-center,capability-router.mcp-self-status;capability-router.mcp-self-endpoints;capability-router.mcp-self-prompt-guide;capability-router.create-my-mcp-token;capability-router.revoke-my-mcp-token;ops.semantic-governance-overview;ops.semantic-governance-audit;ops.semantic-governance-preview;ops.semantic-governance-apply,,M3-ops-hubs-w39,redirect_to_tui,/tui/?screen=capability-router.self-service&action=capability-router.mcp-self-status,f05399dde14d93671e61e2c7ecf7b759acd4bfd5,e734b1c6ad07ac15148d8ff1bb018f3ef6de58d84fec42e45c488705e12973f9,schema=tui-metadata.v3;runtime=agomtui-runtime-0.2.0+9fdceb2691de;ia=2026-07-21,tests/unit/test_tui_workbench.py::test_tui_ops_hubs_reuse_admin_and_mcp_workflows_without_raw_correction_json,tests/api/test_semantic_governance_api.py;tests/component/test_mcp_tools_page.py,live-server token/prompt/semantic correction UAT pending,complete,instrumented_awaiting_14d_production_samples,migrated,ai_capability,Codex M3 review,2026-07-26,,mixed audience split;flat adapter preserves existing batch API
core/templates/ops/center.html,ops/center.html,route_page,ops,c3abe076a91c5dbe0b7c32476f2f1a24db478e273911a9d91934d5ee077642ba,settings-center,/settings/,core.views.settings_center_view,GET,core/templates/ops/center.html,base.html,components/classic_tui_migration_banner.html,,,,按角色进入个人设置或系统治理任务,authenticated;admin,true,authenticated;admin actions backend-authorized,none_detected,/api/docs/,true,false,false,none_detected,A,导航聚合页按角色复用现有 TUI：普通用户进入个人自助，管理员进入数据与系统健康。,account.self-service;api-library.data-center,account-settings.read-profile;operator.governance.data_center_summary,,M3-ops-hubs-w39,redirect_to_tui,role-aware:/tui/?screen=account.self-service|/tui/?screen=api-library.data-center,f05399dde14d93671e61e2c7ecf7b759acd4bfd5,e734b1c6ad07ac15148d8ff1bb018f3ef6de58d84fec42e45c488705e12973f9,schema=tui-metadata.v3;runtime=agomtui-runtime-0.2.0+9fdceb2691de;ia=2026-07-21,tests/integration/test_config_center_api.py,not_applicable,live-server role/deep-link UAT pending,complete,instrumented_awaiting_14d_production_samples,migrated,core / config_center,Codex M3 review,2026-07-26,,core/views.py:547;admin alternate target api-library.data-center
core/templates/ops/mcp_tools.html,ops/mcp_tools.html,route_page,ops,57775a207f5d6e1ba9f71247c034addb51bbe6556bb74c8b2ba93c71011127a3,settings-mcp-tools,/settings/mcp-tools/,apps.ai_capability.interface.views.mcp_tools_page,GET,core/templates/ops/mcp_tools.html,base.html,components/classic_tui_migration_banner.html,,css/admin-shell.css,,盘点 MCP 工具并同步、切换路由与终端暴露状态,admin,true,staff_or_superuser,confirmed_audited,,false,false,false,none_detected,A,复用既有 MCP 治理中心，保留统计、列表、详情、同步和双开关闭环。,capability-router.mcp-center,capability-router.mcp-tools-stats;capability-router.list-mcp-tools;capability-router.list-mcp-routing-off;capability-router.mcp-tool-detail;capability-router.sync-mcp-tools;capability-router.toggle-mcp-routing;capability-router.toggle-mcp-terminal,,M3-ops-hubs-w39,redirect_to_tui,/tui/?screen=capability-router.mcp-center&action=capability-router.mcp-tools-stats,f05399dde14d93671e61e2c7ecf7b759acd4bfd5,e734b1c6ad07ac15148d8ff1bb018f3ef6de58d84fec42e45c488705e12973f9,schema=tui-metadata.v3;runtime=agomtui-runtime-0.2.0+9fdceb2691de;ia=2026-07-21,tests/unit/test_tui_workbench.py::test_tui_ops_hubs_reuse_admin_and_mcp_workflows_without_raw_correction_json,tests/component/test_mcp_tools_page.py,live-server sync/toggle/error UAT pending,complete,instrumented_awaiting_14d_production_samples,migrated,ai_capability,Codex M3 review,2026-07-26,,apps/ai_capability/interface/views.py:86
core/templates/policy/keyword_form.html,policy/keyword_form.html,route_page,policy,0be513f0fb4697a783d8486b2fbc3c85ad480ff9a23893c2dd953b8fd51ab181,policy:rss-keyword-create;policy:rss-keyword-edit,/policy/rss/keywords/<int:keyword_id>/edit/;/policy/rss/keywords/new/,apps.policy.interface.page_views.PolicyKeywordCreateView;apps.policy.interface.page_views.PolicyKeywordUpdateView,GET,core/templates/policy/keyword_form.html,base.html,,,,,创建或编辑政策档位关键词规则,admin,true,staff_required,write_keyword_rule,,false,false,false,closed_existing_owner_api,A,管理员关键词 CRUD API 完整承载 TUI 表单。,policy.workbench,policy.rss-keyword-create;policy.rss-keyword-update,,M2-policy-rss-w20,retain,/tui/?screen=policy.workbench&action=policy.rss-keyword-create,f05399dde14d93671e61e2c7ecf7b759acd4bfd5,e734b1c6ad07ac15148d8ff1bb018f3ef6de58d84fec42e45c488705e12973f9,schema=tui-metadata.v3;runtime=agomtui-runtime-0.2.0+9fdceb2691de;ia=2026-07-21,tests/unit/test_tui_workbench.py::test_tui_policy_rss_actions_separate_reader_from_admin_governance,tests/api/test_policy_api_edges.py,frontend/tui-workbench/tests/workbench-browser.test.mjs (list form/confirmation),complete,Keyword list payload remains typed and every mutation is confirmed,migrated,policy,Codex M2 wave review,2026-07-26,,Classic create/edit routes retained and now staff-only.
core/templates/policy/policy_event_form.html,policy/policy_event_form.html,route_page,policy,5bd5d4488c25d5a08d8ed505b05169763a36248a159710c06bdd5ba7e2580844,policy:event-create,/policy/events/new/,apps.policy.interface.page_views.PolicyEventCreateView,GET,core/templates/policy/policy_event_form.html,base.html,,,,,创建带政策档位、说明和证据链接的政策事件,admin,true,staff_required,create_policy_event,,false,false,false,closed_existing_owner_api,A,既有管理员事件创建 API 可直接承载 TUI 表单。,policy.workbench,policy.event-create,,M2-policy-events-w19,retain,/tui/?screen=policy.workbench&action=policy.event-create,f05399dde14d93671e61e2c7ecf7b759acd4bfd5,e734b1c6ad07ac15148d8ff1bb018f3ef6de58d84fec42e45c488705e12973f9,schema=tui-metadata.v3;runtime=agomtui-runtime-0.2.0+9fdceb2691de;ia=2026-07-21,tests/unit/test_tui_workbench.py::test_tui_policy_events_publish_role_aware_crud_and_review_contracts,tests/integration/policy/test_policy_api_contract.py,frontend/tui-workbench/tests/workbench-browser.test.mjs (admin form/confirmation),complete,Classic and API creation now share the staff-only boundary,migrated,policy,Codex M2 wave review,2026-07-26,,Classic page retained; TUI mutation requires confirmation and evidence URL.
core/templates/policy/policy_events.html,policy/policy_events.html,route_page,policy,4d8a47f341c6b764e652933acdbdc9faae169fe509a72682c8add9b563258f41,policy:events-page,/policy/events/,apps.policy.interface.page_views.PolicyEventsPageView,GET,core/templates/policy/policy_events.html,base.html,,,,,按日期与政策档位查询事件和证据,authenticated,true,login_required,none_detected,,false,false,false,closed_existing_owner_api,A,既有事件列表和详情 API 可迁入 TUI。,policy.workbench,policy.event-list;policy.event-detail,policy-items,M2-policy-events-w19,retain,/tui/?screen=policy.workbench&action=policy.event-list,f05399dde14d93671e61e2c7ecf7b759acd4bfd5,e734b1c6ad07ac15148d8ff1bb018f3ef6de58d84fec42e45c488705e12973f9,schema=tui-metadata.v3;runtime=agomtui-runtime-0.2.0+9fdceb2691de;ia=2026-07-21,tests/unit/test_tui_workbench.py::test_tui_policy_events_publish_role_aware_crud_and_review_contracts,tests/integration/policy/test_policy_api_contract.py,frontend/tui-workbench/tests/workbench-browser.test.mjs (date filters/detail),complete,Authenticated date-range query retains policy level and evidence fields,migrated,policy,Codex M2 wave review,2026-07-26,,Classic page retained with exact event-list action.
core/templates/policy/rss_keywords.html,policy/rss_keywords.html,route_page,policy,821b30e50a959014ec769969da35a7e5f3980221e25d7c9435448dfcddfa9918,policy:rss-keywords,/policy/rss/keywords/,apps.policy.interface.page_views.RSSKeywordListView,GET,core/templates/policy/rss_keywords.html,base.html,,,,,按档位、类别和启用状态治理政策关键词,admin,true,staff_required,manage_keyword_rules,,false,false,false,closed_existing_owner_api,A,管理员关键词列表、详情与删除 API 可直接迁入 TUI。,policy.workbench,policy.rss-keyword-list;policy.rss-keyword-detail;policy.rss-keyword-delete,,M2-policy-rss-w20,retain,/tui/?screen=policy.workbench&action=policy.rss-keyword-list,f05399dde14d93671e61e2c7ecf7b759acd4bfd5,e734b1c6ad07ac15148d8ff1bb018f3ef6de58d84fec42e45c488705e12973f9,schema=tui-metadata.v3;runtime=agomtui-runtime-0.2.0+9fdceb2691de;ia=2026-07-21,tests/unit/test_tui_workbench.py::test_tui_policy_rss_actions_separate_reader_from_admin_governance,tests/api/test_policy_api_edges.py,frontend/tui-workbench/tests/workbench-browser.test.mjs (filters/detail/delete),complete,Classic and API keyword governance now share staff-only boundary,migrated,policy,Codex M2 wave review,2026-07-26,,Classic page retained.
core/templates/policy/rss_logs.html,policy/rss_logs.html,route_page,policy,14d7b62367a989334528311b26e89b097956556139c78f652a33bf4f52c26fd9,policy:rss-logs,/policy/rss/logs/,apps.policy.interface.page_views.RSSFetchLogListView,GET,core/templates/policy/rss_logs.html,base.html,,,,,查看 RSS 抓取结果、耗时和错误,admin,true,staff_required,none_detected,,false,false,false,closed_existing_owner_api,A,管理员只读日志 API 可迁入 TUI。,policy.workbench,policy.rss-log-list;policy.rss-log-detail,,M2-policy-rss-w20,retain,/tui/?screen=policy.workbench&action=policy.rss-log-list,f05399dde14d93671e61e2c7ecf7b759acd4bfd5,e734b1c6ad07ac15148d8ff1bb018f3ef6de58d84fec42e45c488705e12973f9,schema=tui-metadata.v3;runtime=agomtui-runtime-0.2.0+9fdceb2691de;ia=2026-07-21,tests/unit/test_tui_workbench.py::test_tui_policy_rss_actions_separate_reader_from_admin_governance,tests/api/test_policy_api_edges.py,frontend/tui-workbench/tests/workbench-browser.test.mjs (filters/detail),complete,Log list preserves source status counts duration and error detail,migrated,policy,Codex M2 wave review,2026-07-26,,Classic page retained and staff-only.
core/templates/policy/rss_manage.html,policy/rss_manage.html,route_page,policy,d6c0d3900894b6c91635606f512b6c23e9b2adea665996284a22082f89bc8e0b,policy:rss-manage,/policy/rss/sources/,apps.policy.interface.page_views.RSSSourceListView,GET,core/templates/policy/rss_manage.html,base.html,,,css/admin-shell.css,,治理 RSS 源并触发可监控抓取,admin,true,staff_required,manage_rss_sources,,true,false,true,closed_existing_owner_api,A,管理员 RSS CRUD 和任务跟踪 API 已覆盖页面任务。,policy.workbench,policy.rss-source-list;policy.rss-source-detail;policy.rss-source-create;policy.rss-source-update;policy.rss-source-delete;policy.rss-source-fetch;policy.rss-fetch-all,,M2-policy-rss-w20,retain,/tui/?screen=policy.workbench&action=policy.rss-source-list,f05399dde14d93671e61e2c7ecf7b759acd4bfd5,e734b1c6ad07ac15148d8ff1bb018f3ef6de58d84fec42e45c488705e12973f9,schema=tui-metadata.v3;runtime=agomtui-runtime-0.2.0+9fdceb2691de;ia=2026-07-21,tests/unit/test_tui_workbench.py::test_tui_policy_rss_actions_separate_reader_from_admin_governance,tests/api/test_policy_api_edges.py,frontend/tui-workbench/tests/workbench-browser.test.mjs (CRUD/secret inputs/task response),complete,Proxy and RSSHub secrets are password inputs and never published as output columns,migrated,policy,Codex M2 wave review,2026-07-26,,Classic page retained; polling JS is replaced by explicit task status response and existing task monitor.
core/templates/policy/rss_reader.html,policy/rss_reader.html,route_page,policy,641c2b653f5bc84af8c562cdee78837e18f41026611dba2b4ae8db49dcc2e261,policy:rss-reader,/policy/rss/reader/,apps.policy.interface.page_views.RSSReaderView,GET,core/templates/policy/rss_reader.html,base.html,,,,,按来源、政策档位和类别阅读标准化 RSS 政策条目,authenticated,true,login_required,none_detected,,false,false,false,closed_owner_api_slice,A,新增 bounded authenticated owner API 复用 Application page facade 而不暴露 ORM。,policy.workbench,policy.rss-reader,policy-rss-reader,M2-policy-rss-w20,retain,/tui/?screen=policy.workbench&action=policy.rss-reader,f05399dde14d93671e61e2c7ecf7b759acd4bfd5,e734b1c6ad07ac15148d8ff1bb018f3ef6de58d84fec42e45c488705e12973f9,schema=tui-metadata.v3;runtime=agomtui-runtime-0.2.0+9fdceb2691de;ia=2026-07-21,tests/unit/test_tui_workbench.py::test_tui_policy_rss_actions_separate_reader_from_admin_governance,tests/api/test_policy_api_edges.py::test_policy_rss_reader_api_is_authenticated_filtered_and_bounded,frontend/tui-workbench/tests/workbench-browser.test.mjs (filters/pagination/export),complete,Reader API is bounded to 200 rows and preserves source evidence audit and risk metadata,migrated,policy,Codex M2 wave review,2026-07-26,,Classic reader remains authenticated and is not elevated to admin.
core/templates/policy/rss_source_form.html,policy/rss_source_form.html,route_page,policy,ac86f0bfb56cc8d6b8bf0562c7f71c2bc522c3ad2e0a5f31e613e7e3a5753381,policy:rss-source-create;policy:rss-source-edit,/policy/rss/sources/<int:source_id>/edit/;/policy/rss/sources/new/,apps.policy.interface.page_views.RSSSourceCreateView;apps.policy.interface.page_views.RSSSourceUpdateView,GET,core/templates/policy/rss_source_form.html,base.html,,,,,创建或编辑 RSS 源、代理和 RSSHub 配置,admin,true,staff_required,write_rss_source,,true,false,false,closed_existing_owner_api,A,管理员 source serializer 完整覆盖页面连接字段。,policy.workbench,policy.rss-source-create;policy.rss-source-update,,M2-policy-rss-w20,retain,/tui/?screen=policy.workbench&action=policy.rss-source-create,f05399dde14d93671e61e2c7ecf7b759acd4bfd5,e734b1c6ad07ac15148d8ff1bb018f3ef6de58d84fec42e45c488705e12973f9,schema=tui-metadata.v3;runtime=agomtui-runtime-0.2.0+9fdceb2691de;ia=2026-07-21,tests/unit/test_tui_workbench.py::test_tui_policy_rss_actions_separate_reader_from_admin_governance,tests/api/test_policy_api_edges.py,frontend/tui-workbench/tests/workbench-browser.test.mjs (complete form/password/deep-link),complete,Proxy password and RSSHub access key remain write-only password fields,migrated,policy,Codex M2 wave review,2026-07-26,,Classic create/edit routes retained and staff-only.
core/templates/policy/workbench.html,policy/workbench.html,route_page,policy,70403707e66e02a82a49513ca77139e2bbf54bfca63975b0640e9873250d4b36,policy:workbench,/policy/workbench/,apps.policy.interface.page_views.WorkbenchView,GET,core/templates/policy/workbench.html,base.html,,,css/policy-workbench.css;js/policy-workbench.js,,完成政策待审事件的查看、批准、拒绝、回滚与临时豁免,authenticated,true,login_required,review_policy_event,,false,false,false,closed_existing_owner_api,A,既有工作台 API 已覆盖摘要、筛选、详情与审核动作。,policy.workbench,policy.queue_summary;policy.workbench_items;policy.workbench-bootstrap;policy.workbench-item-detail;policy.workbench-approve;policy.workbench-reject;policy.workbench-rollback;policy.workbench-override,policy-summary;policy-items,M2-policy-events-w19,retain,/tui/?screen=policy.workbench&action=policy.queue_summary,f05399dde14d93671e61e2c7ecf7b759acd4bfd5,e734b1c6ad07ac15148d8ff1bb018f3ef6de58d84fec42e45c488705e12973f9,schema=tui-metadata.v3;runtime=agomtui-runtime-0.2.0+9fdceb2691de;ia=2026-07-21,tests/unit/test_tui_workbench.py::test_tui_policy_events_publish_role_aware_crud_and_review_contracts,tests/api/test_policy_workbench_api_edges.py,frontend/tui-workbench/tests/workbench-browser.test.mjs (row detail/approve/confirmed forms),complete,P0 queue supports row detail and approval; reason-required actions remain full forms,migrated,policy,Codex M2 wave review,2026-07-26,,Classic JS workbench retained; reject rollback and override are not unsafe one-click row actions.
core/templates/prompt/manage.html,prompt/manage.html,route_page,prompt,82bad897e01d5cc537142e5c951a794cc9b2f16907bc568c9d515ef854526c43,prompt:prompt-manage,/prompt/manage/,apps.prompt.interface.views.prompt_manage_view,GET,core/templates/prompt/manage.html,base.html,components/json_assistant.html;components/json_assistant_assets.html,,css/admin-shell.css,,prompt: manage,authenticated,true,prompt.backend_authorization,admin CRUD; authenticated AI execution,/api/prompt/chains/;/api/prompt/templates/,true,false,false,closed_owner_api_normalization,A,适合通过既有或补齐后的 JSON API 迁入 TUI。,prompt.workbench,prompt-template.list;auto.api.get.api.prompt.templates.categories;param.api.get.api.prompt.templates.pk;prompt-template.create;prompt-template.update;prompt-template.delete;prompt-template.execute;prompt-chain.list;auto.api.get.api.prompt.chains.execution_modes;param.api.get.api.prompt.chains.pk;prompt-chain.create;prompt-chain.update;prompt-chain.delete;auto.api.get.api.prompt.logs;prompt-log.recent;param.api.get.api.prompt.logs.pk,prompt-template-list;prompt-chain-list;prompt-recent-logs,M2-prompt-workbench-w7,retain,/tui/?screen=prompt.workbench&action=prompt-template.list,f05399dde14d93671e61e2c7ecf7b759acd4bfd5,e734b1c6ad07ac15148d8ff1bb018f3ef6de58d84fec42e45c488705e12973f9,schema=tui-metadata.v3;runtime=agomtui-runtime-0.2.0+9fdceb2691de;ia=2026-07-21,tests/unit/terminal/test_tui_information_architecture.py,tests/api/test_prompt_api_edges.py,frontend/tui-workbench/tests/workbench-browser.test.mjs (generic structured form/confirmation/write receipt coverage),complete,Dedicated mixed-audience screen + confirmed CRUD/test actions + Classic compatibility banner,migrated,prompt,Codex M2 wave review,2026-07-26,,Classic page retained during compatibility window; path template ID is authoritative for test execution.
core/templates/regime/dashboard.html,regime/dashboard.html,route_page,regime,06afc3a33a6263f9874b70065e7a7fc0ec071ebcce48411eaea163dd551fca38,regime:dashboard,/regime/dashboard/,apps.regime.interface.views.regime_dashboard_view,GET,core/templates/regime/dashboard.html,base.html,components/classic_tui_migration_banner.html;dashboard/teaching_modal.html,,css/regime.css;css/teaching.css;js/teaching/bilingual-support.js;js/teaching/cases-library.js;js/teaching/interactive-charts.js;js/teaching/learning-progress.js;js/teaching/policy-simulator-enhanced.js;js/teaching/policy-simulator.js;js/teaching/regime-calculator.js;js/teaching/teaching-modal.js;vendor/js/echarts.min.js,,regime: dashboard,authenticated,true,regime.backend_authorization,none_detected,/api/regime/tui/overview/;/api/regime/current/;/api/regime/navigator/history/,true,false,false,none_detected,B,检测到生产图表/Canvas 标记，依赖 M1 renderer 契约。,macro-regime.overview,regime.current;regime.distribution-chart;regime.momentum-chart;regime.navigator_history,,M4-macro-regime-analytics-w47,redirect_to_tui,/tui/?screen=macro-regime.overview,2f0e8cce24243ade60036cfd221c514cc2451bec,e734b1c6ad07ac15148d8ff1bb018f3ef6de58d84fec42e45c488705e12973f9,schema=tui-metadata.v3;runtime=agomtui-runtime-0.2.0+9fdceb2691de;ia=2026-07-21,tests/unit/test_tui_workbench.py,tests/api/test_macro_regime_tui_api.py;tests/api/test_regime_api_edges.py,live-server distribution pie momentum history line and viewport UAT pending,implemented,instrumented_awaiting_14d_production_samples,migrated,regime,Codex M4 review,2026-07-26,,Regime owner TUI adapter exposes point-in-time summary distribution momentum and flattened navigator history
core/templates/sentiment/analyze.html,sentiment/analyze.html,route_page,sentiment,9fb1bfb333d13cdbaa19d3677beec920aa3db0ea15965f6812c4c9af8d6c10c6,sentiment:analyze,/sentiment/analyze/,apps.sentiment.interface.views.SentimentAnalyzePageView,GET,core/templates/sentiment/analyze.html,base.html,,,,,分析单条新闻、评论或政策文本的情绪评分、置信度、分类和关键词,authenticated,true,login_required,analysis_cache_and_log,,true,false,false,closed_existing_owner_api,A,既有认证 owner API 完整覆盖文本分析表单与服务可用性提示。,research.signals,sentiment.analyze-text;sentiment.health,,M3-sentiment-w22,retain,/tui/?screen=research.signals&action=sentiment.analyze-text,f05399dde14d93671e61e2c7ecf7b759acd4bfd5,e734b1c6ad07ac15148d8ff1bb018f3ef6de58d84fec42e45c488705e12973f9,schema=tui-metadata.v3;runtime=agomtui-runtime-0.2.0+9fdceb2691de;ia=2026-07-21,tests/unit/test_tui_workbench.py::test_tui_sentiment_analysis_publishes_typed_text_and_health_contracts,tests/api/test_sentiment_api_edges.py,frontend/tui-workbench/tests/workbench-browser.test.mjs (textarea/cache/result/error),complete,Text is bounded to 5000 characters and AI unavailable remains an explicit 503 result,migrated,sentiment,Codex M3 wave review,2026-07-26,,Classic page retained during stability window; inline fetch/render script is replaced by native TUI form and detail result.
core/templates/sentiment/dashboard.html,sentiment/dashboard.html,route_page,sentiment,2ca66762401b46f0879de1306c37068f3d132fafc479cd4d8ba775770bcfde63,sentiment:dashboard,/sentiment/dashboard/,apps.sentiment.interface.views.SentimentDashboardView,GET,core/templates/sentiment/dashboard.html,base.html,components/classic_tui_migration_banner.html,,vendor/js/echarts.min.js,,sentiment: dashboard,authenticated,true,sentiment.backend_authorization,none_detected,/api/sentiment/tui/overview/;/api/sentiment/index/recent/;/api/sentiment/health/,true,false,false,none_detected,B,检测到生产图表/Canvas 标记，依赖 M1 renderer 契约。,research.signals,sentiment.dashboard-summary;sentiment.index-trend;sentiment.analyze-text;sentiment.health,,M4-sentiment-dashboard-w48,redirect_to_tui,/tui/?screen=research.signals,2f0e8cce24243ade60036cfd221c514cc2451bec,e734b1c6ad07ac15148d8ff1bb018f3ef6de58d84fec42e45c488705e12973f9,schema=tui-metadata.v3;runtime=agomtui-runtime-0.2.0+9fdceb2691de;ia=2026-07-21,tests/unit/test_tui_workbench.py,tests/api/test_sentiment_api_edges.py;tests/component/test_sentiment_views.py,live-server summary multi-series line empty state and viewport UAT pending,implemented,instrumented_awaiting_14d_production_samples,migrated,sentiment,Codex M4 review,2026-07-26,,Sentiment owner adapter flattens canonical nested index and source objects without changing legacy API
core/templates/share/demo.html,share/demo.html,external,share,fe7f4be05944f3f482418df7c6c527e8be92412c405b655045518166a0bec223,,,,unknown,core/templates/share/demo.html,,,,css/design-tokens.css;css/share.css;vendor/css/bootstrap-icons.css,,,external_or_mixed,unknown,share.backend_authorization,none_detected,,true,false,false,not_applicable,C,面向未登录外部访问者，需保留富展示与免责声明。,,,,retained,retain,,,e734b1c6ad07ac15148d8ff1bb018f3ef6de58d84fec42e45c488705e12973f9,schema=tui-metadata.v3;runtime=agomtui-runtime-0.2.0+9fdceb2691de;ia=2026-07-21,,,,not_applicable,,retained,share,Codex M0 inventory review,2026-07-26,,
core/templates/share/disclaimer_manage.html,share/disclaimer_manage.html,external,share,0eaaf4081adddaaee8d54f3d9dbf8e1740376d262f5cc46c9a8d3175b605ff22,share:manage_disclaimer,/share/manage/disclaimer/,apps.share.interface.views.share_disclaimer_manage_page,GET;POST,core/templates/share/disclaimer_manage.html,base.html,,,css/admin-shell.css;css/share.css,,,external_or_mixed,unknown,share.backend_authorization,POST,,false,false,false,not_applicable,C,面向未登录外部访问者，需保留富展示与免责声明。,,,,retained,retain,,,e734b1c6ad07ac15148d8ff1bb018f3ef6de58d84fec42e45c488705e12973f9,schema=tui-metadata.v3;runtime=agomtui-runtime-0.2.0+9fdceb2691de;ia=2026-07-21,,,,not_applicable,,retained,share,Codex M0 inventory review,2026-07-26,,apps/share/interface/views.py:863
core/templates/share/manage.html,share/manage.html,external,share,de1d4bd9a71706859b5e068d79f5646a5c5ed601b29f5d6cc017615f9e411a13,share:edit;share:manage,/share/manage/;/share/manage/<int:share_link_id>/edit/,apps.share.interface.views.share_manage_page,GET;POST,core/templates/share/manage.html,base.html,,,css/admin-shell.css;css/share.css,,,external_or_mixed,unknown,share.backend_authorization,POST,,true,false,false,not_applicable,C,面向未登录外部访问者，需保留富展示与免责声明。,,,,retained,retain,,,e734b1c6ad07ac15148d8ff1bb018f3ef6de58d84fec42e45c488705e12973f9,schema=tui-metadata.v3;runtime=agomtui-runtime-0.2.0+9fdceb2691de;ia=2026-07-21,,,,not_applicable,,retained,share,Codex M0 inventory review,2026-07-26,,apps/share/interface/views.py:793
core/templates/share/partials/decision_summary.html,share/partials/decision_summary.html,external,share,ead67841d3c375d0e90d6a164874a686de21f94ebd28770bdb02b54a88693cf9,,,,unknown,core/templates/share/partials/decision_summary.html,,,core/templates/share/public_share.html,,,,external_or_mixed,unknown,share.backend_authorization,none_detected,,false,false,false,not_applicable,C,面向未登录外部访问者，需保留富展示与免责声明。,,,,retained,retain,,,e734b1c6ad07ac15148d8ff1bb018f3ef6de58d84fec42e45c488705e12973f9,schema=tui-metadata.v3;runtime=agomtui-runtime-0.2.0+9fdceb2691de;ia=2026-07-21,,,,not_applicable,,retained,share,Codex M0 inventory review,2026-07-26,,
core/templates/share/partials/disclaimer.html,share/partials/disclaimer.html,external,share,5404eb41606c8d29afa7ff363d67be6b745c83c1245f99c01bb8c86f7b7d9f05,,,,unknown,core/templates/share/partials/disclaimer.html,,,core/templates/share/public_share.html,,,,external_or_mixed,unknown,share.backend_authorization,none_detected,,false,false,false,not_applicable,C,面向未登录外部访问者，需保留富展示与免责声明。,,,,retained,retain,,,e734b1c6ad07ac15148d8ff1bb018f3ef6de58d84fec42e45c488705e12973f9,schema=tui-metadata.v3;runtime=agomtui-runtime-0.2.0+9fdceb2691de;ia=2026-07-21,,,,not_applicable,,retained,share,Codex M0 inventory review,2026-07-26,,
core/templates/share/partials/disclaimer_modal.html,share/partials/disclaimer_modal.html,external,share,dea126ef1b541ab852fa26681c02eb2b8da3c5636cb76a88fc9cb00abc363a93,,,,unknown,core/templates/share/partials/disclaimer_modal.html,,,core/templates/share/public_share.html,,,,external_or_mixed,unknown,share.backend_authorization,none_detected,,true,false,false,not_applicable,C,面向未登录外部访问者，需保留富展示与免责声明。,,,,retained,retain,,,e734b1c6ad07ac15148d8ff1bb018f3ef6de58d84fec42e45c488705e12973f9,schema=tui-metadata.v3;runtime=agomtui-runtime-0.2.0+9fdceb2691de;ia=2026-07-21,,,,not_applicable,,retained,share,Codex M0 inventory review,2026-07-26,,
core/templates/share/partials/hero.html,share/partials/hero.html,external,share,f663e590969d837295da030a58361e8a4f9d47b3fd72fde8cb49e4936ff4d4a1,,,,unknown,core/templates/share/partials/hero.html,,,core/templates/share/public_share.html,,,,external_or_mixed,unknown,share.backend_authorization,none_detected,,false,false,false,not_applicable,C,面向未登录外部访问者，需保留富展示与免责声明。,,,,retained,retain,,,e734b1c6ad07ac15148d8ff1bb018f3ef6de58d84fec42e45c488705e12973f9,schema=tui-metadata.v3;runtime=agomtui-runtime-0.2.0+9fdceb2691de;ia=2026-07-21,,,,not_applicable,,retained,share,Codex M0 inventory review,2026-07-26,,
core/templates/share/partials/metrics.html,share/partials/metrics.html,external,share,23a0c7ddb4e943d16faf9bede96908ac7ee1ceb668f04b5799b229ad972e5ede,,,,unknown,core/templates/share/partials/metrics.html,,,core/templates/share/public_share.html,,,,external_or_mixed,unknown,share.backend_authorization,none_detected,,false,false,false,not_applicable,C,面向未登录外部访问者，需保留富展示与免责声明。,,,,retained,retain,,,e734b1c6ad07ac15148d8ff1bb018f3ef6de58d84fec42e45c488705e12973f9,schema=tui-metadata.v3;runtime=agomtui-runtime-0.2.0+9fdceb2691de;ia=2026-07-21,,,,not_applicable,,retained,share,Codex M0 inventory review,2026-07-26,,
core/templates/share/partials/performance_chart.html,share/partials/performance_chart.html,external,share,3379e6002f3a97a04253a7b79347408ba47da8d1d11b625a67aabbd5f8c9a82b,,,,unknown,core/templates/share/partials/performance_chart.html,,,core/templates/share/public_share.html,,,,external_or_mixed,unknown,share.backend_authorization,none_detected,,true,false,false,not_applicable,C,面向未登录外部访问者，需保留富展示与免责声明。,,,,retained,retain,,,e734b1c6ad07ac15148d8ff1bb018f3ef6de58d84fec42e45c488705e12973f9,schema=tui-metadata.v3;runtime=agomtui-runtime-0.2.0+9fdceb2691de;ia=2026-07-21,,,,not_applicable,,retained,share,Codex M0 inventory review,2026-07-26,,
core/templates/share/partials/positions.html,share/partials/positions.html,external,share,5f0c9b275bb6a5bb21a2d815da628ce8483afaa582ee6a16f3a29910645610db,,,,unknown,core/templates/share/partials/positions.html,,,core/templates/share/public_share.html,,,,external_or_mixed,unknown,share.backend_authorization,none_detected,,true,false,false,not_applicable,C,面向未登录外部访问者，需保留富展示与免责声明。,,,,retained,retain,,,e734b1c6ad07ac15148d8ff1bb018f3ef6de58d84fec42e45c488705e12973f9,schema=tui-metadata.v3;runtime=agomtui-runtime-0.2.0+9fdceb2691de;ia=2026-07-21,,,,not_applicable,,retained,share,Codex M0 inventory review,2026-07-26,,
core/templates/share/partials/transactions.html,share/partials/transactions.html,external,share,d2a14d4a35fa26cc91a8af94a2814344fb707fa0b26fa5f60db5ec5ab72e74d9,,,,unknown,core/templates/share/partials/transactions.html,,,core/templates/share/public_share.html,,,,external_or_mixed,unknown,share.backend_authorization,none_detected,,false,false,false,not_applicable,C,面向未登录外部访问者，需保留富展示与免责声明。,,,,retained,retain,,,e734b1c6ad07ac15148d8ff1bb018f3ef6de58d84fec42e45c488705e12973f9,schema=tui-metadata.v3;runtime=agomtui-runtime-0.2.0+9fdceb2691de;ia=2026-07-21,,,,not_applicable,,retained,share,Codex M0 inventory review,2026-07-26,,
core/templates/share/password_modal.html,share/password_modal.html,external,share,b7096db9a5386cf24f2af642848fa4f703016cf217e0f5463544e9b6faa08c02,,,,unknown,core/templates/share/password_modal.html,,,core/templates/share/public_share.html,,,,external_or_mixed,unknown,share.backend_authorization,none_detected,,false,false,false,not_applicable,C,面向未登录外部访问者，需保留富展示与免责声明。,,,,retained,retain,,,e734b1c6ad07ac15148d8ff1bb018f3ef6de58d84fec42e45c488705e12973f9,schema=tui-metadata.v3;runtime=agomtui-runtime-0.2.0+9fdceb2691de;ia=2026-07-21,,,,not_applicable,,retained,share,Codex M0 inventory review,2026-07-26,,
core/templates/share/public_share.html,share/public_share.html,external,share,cf62b896445764eee10ed73fd69ba8b61e4b14479db672dd1670d8f69d2cbaa2,share:public_share,/share/<str:short_code>/,apps.share.interface.views.PublicSharePageView,GET;POST,core/templates/share/public_share.html,,share/partials/decision_summary.html;share/partials/disclaimer.html;share/partials/disclaimer_modal.html;share/partials/hero.html;share/partials/metrics.html;share/partials/performance_chart.html;share/partials/positions.html;share/partials/transactions.html;share/password_modal.html,,css/design-tokens.css;css/share.css;images/agomtradepro-og-default.png;vendor/css/bootstrap-icons.css;vendor/js/echarts.min.js,,,external_or_mixed,unknown,share.backend_authorization,none_detected,,false,false,false,not_applicable,C,面向未登录外部访问者，需保留富展示与免责声明。,,,,retained,retain,,,e734b1c6ad07ac15148d8ff1bb018f3ef6de58d84fec42e45c488705e12973f9,schema=tui-metadata.v3;runtime=agomtui-runtime-0.2.0+9fdceb2691de;ia=2026-07-21,,,,not_applicable,,retained,share,Codex M0 inventory review,2026-07-26,,apps/share/interface/views.py:647
core/templates/signal/manage.html,signal/manage.html,route_page,signal,bb5f805ae8460cbc6ed76ab10870e23cc117d2d946c92aee0bc83ec1710f1eaa,signal:manage,/signal/manage/,apps.signal.interface.views.signal_manage_view,GET,core/templates/signal/manage.html,base.html,components/investment_disclaimer.html,,css/signal.css,,筛选并治理带证伪逻辑的投资信号,authenticated,true,authenticated_read_admin_mutation,none_detected,,true,true,false,closed_owner_batch_check_api,A,适合通过既有或补齐后的 JSON API 迁入 TUI。,research.signals,signal.list;signal.create;signal.update;signal.approve;signal.reject;signal.invalidate;signal.delete;signal.batch-check,active-signals,M2-signal-management-w10,retain,/tui/?screen=research.signals&action=signal.list,f05399dde14d93671e61e2c7ecf7b759acd4bfd5,e734b1c6ad07ac15148d8ff1bb018f3ef6de58d84fec42e45c488705e12973f9,schema=tui-metadata.v3;runtime=agomtui-runtime-0.2.0+9fdceb2691de;ia=2026-07-21,tests/unit/test_tui_workbench.py,tests/api/test_signal_api_edges.py,frontend/tui-workbench/tests/workbench-browser.test.mjs (form/confirmation/deep-link coverage),complete,,migrated,signal,Codex M2 wave review,2026-07-26,,Authenticated reads; admin-only mutations; Classic page retained during compatibility window.
core/templates/simulated_trading/account_detail.html,simulated_trading/account_detail.html,route_page,simulated_trading,22d6d38dc8996cb2367af9554a30c06daae1fee8d3e943683bbbe64475d74688,simulated_trading:account-detail,/simulated-trading/accounts/<int:account_id>/,apps.simulated_trading.interface.views.account_detail_page,GET,core/templates/simulated_trading/account_detail.html,base.html,components/classic_tui_migration_banner.html,,css/simulated-trading.css;vendor/chartjs/chart.umd.min.js,,查看本人投资账户详情,authenticated,true,simulated_trading.backend_authorization,none_detected,/api/simulated-trading/accounts/<int:account_id>/,false,false,false,closed_existing_owner_api,B,页面只误引入未使用的 Chart.js；既有 owner detail API 可直接迁入 TUI。,execution.accounts,simulated-trading.account-detail,,M4-simulated-accounts-w51,redirect_to_tui,/tui/?screen=execution.accounts&action=simulated-trading.account-detail,2f0e8cce24243ade60036cfd221c514cc2451bec,e734b1c6ad07ac15148d8ff1bb018f3ef6de58d84fec42e45c488705e12973f9,schema=tui-metadata.v3;runtime=agomtui-runtime-0.2.0+9fdceb2691de;ia=2026-07-21,tests/unit/test_tui_workbench.py::test_tui_simulated_accounts_cover_legacy_hubs_and_account_lifecycle,tests/api/test_simulated_trading_api_edges.py;tests/integration/simulated_trading/test_account_api_scope.py,M5 browser UAT: authenticated account detail read passed; full owner-scope matrix remains pending,complete,instrumented_awaiting_14d_production_samples,migrated,simulated_trading,Codex M4 review,2026-07-26,,Classic placeholder detail retained; canonical detail action enforces owner scope.
core/templates/simulated_trading/dashboard.html,simulated_trading/dashboard.html,route_page,simulated_trading,c057ff6b7dd770d71db118fd5cfa9090c0439efd0d245c691bd4749cd8ac8c13,simulated_trading:dashboard,/simulated-trading/dashboard/,apps.simulated_trading.interface.views.dashboard_page,GET,core/templates/simulated_trading/dashboard.html,base.html,components/classic_tui_migration_banner.html,,css/simulated-trading.css;vendor/chartjs/chart.umd.min.js;widgets/configs/simulated_trading_widget.json,,进入本人账户清单并继续持仓与交易任务,authenticated,true,simulated_trading.backend_authorization,none_detected,/api/simulated-trading/accounts/,true,false,false,closed_existing_owner_api,B,页面只误引入未使用的 Chart.js；静态入口合并到 execution.accounts 主任务。,execution.accounts,simulated-trading.accounts,simulated-accounts,M4-simulated-accounts-w51,redirect_to_tui,/tui/?screen=execution.accounts&action=simulated-trading.accounts,2f0e8cce24243ade60036cfd221c514cc2451bec,e734b1c6ad07ac15148d8ff1bb018f3ef6de58d84fec42e45c488705e12973f9,schema=tui-metadata.v3;runtime=agomtui-runtime-0.2.0+9fdceb2691de;ia=2026-07-21,tests/unit/test_tui_workbench.py::test_tui_simulated_accounts_cover_legacy_hubs_and_account_lifecycle,tests/api/test_simulated_trading_api_edges.py,M5 browser UAT: account list + 3 viewports passed; empty-state remains pending,complete,instrumented_awaiting_14d_production_samples,migrated,simulated_trading,Codex M4 review,2026-07-26,,Classic static status text is not promoted as runtime truth.
core/templates/simulated_trading/inspection_notify.html,simulated_trading/inspection_notify.html,route_page,simulated_trading,e0e5f44a4060e8a50cf18157b9d90ec3f9bf64ce5e1bf71f517dbd72986432ce,simulated_trading:my-inspection-notify,/simulated-trading/my-accounts/<int:account_id>/inspection-notify/,apps.simulated_trading.interface.views.my_inspection_notify_page,GET;POST,core/templates/simulated_trading/inspection_notify.html,base.html,components/classic_tui_migration_banner.html,,,,查看并更新本人账户的日更巡检邮件通知配置,authenticated,true,simulated_trading.owner_scope,PATCH,,false,false,false,closed,A,新增 typed owner-scoped GET/PATCH API；邮箱列表逐项校验且写入需要显式确认。,execution.accounts,simulated-trading.inspection-notification;simulated-trading.inspection-notification-update,,M3-simulated-trading-records-w37,redirect_to_tui,/tui/?screen=execution.accounts&action=simulated-trading.inspection-notification,f05399dde14d93671e61e2c7ecf7b759acd4bfd5,e734b1c6ad07ac15148d8ff1bb018f3ef6de58d84fec42e45c488705e12973f9,schema=tui-metadata.v3;runtime=agomtui-runtime-0.2.0+9fdceb2691de;ia=2026-07-21,tests/unit/test_tui_workbench.py::test_tui_simulated_trading_publishes_owned_records_and_notification_settings,tests/api/test_simulated_trading_api_edges.py::test_inspection_notification_api_enforces_owner_scope_and_validates_emails,live-server read/update/error UAT pending,complete,instrumented_awaiting_14d_production_samples,migrated,simulated_trading,Codex M3 review,2026-07-26,,apps/simulated_trading/interface/views.py:349
core/templates/simulated_trading/my_account_detail.html,simulated_trading/my_account_detail.html,route_page,simulated_trading,fa3a679948470fc52b36782a735537c6e5912b7dd8bb9766c5838d3924e1a4d6,simulated_trading:my-account-detail,/simulated-trading/my-accounts/<int:account_id>/,apps.simulated_trading.interface.views.my_account_detail_page,GET,core/templates/simulated_trading/my_account_detail.html,base.html,components/classic_tui_migration_banner.html,,vendor/chartjs/chart.umd.min.js,,复核本人账户资产、绩效、净值、持仓与交易,authenticated,true,simulated_trading.backend_authorization,none_detected,/api/simulated-trading/accounts/<int:account_id>/;/api/simulated-trading/accounts/<int:account_id>/equity-curve/;/api/simulated-trading/accounts/<int:account_id>/performance/;/api/simulated-trading/accounts/<int:account_id>/positions/;/api/simulated-trading/accounts/<int:account_id>/trades/,false,true,false,closed_existing_owner_api,B,页面未实际渲染 Chart.js；TUI 复用 owner API并补真实 portable 净值 line。,execution.accounts,simulated-trading.account-detail;simulated-trading.performance;simulated-trading.equity-curve;simulated-trading.positions;simulated-trading.trades;simulated-trading.inspection-notification,,M4-simulated-accounts-w51,redirect_to_tui,/tui/?screen=execution.accounts&action=simulated-trading.account-detail,2f0e8cce24243ade60036cfd221c514cc2451bec,e734b1c6ad07ac15148d8ff1bb018f3ef6de58d84fec42e45c488705e12973f9,schema=tui-metadata.v3;runtime=agomtui-runtime-0.2.0+9fdceb2691de;ia=2026-07-21,tests/unit/test_tui_workbench.py::test_tui_simulated_accounts_cover_legacy_hubs_and_account_lifecycle,tests/api/test_simulated_trading_api_edges.py;tests/integration/simulated_trading/test_account_api_scope.py,M5 browser UAT: account detail fields passed; curve/positions/trades remain pending,complete,instrumented_awaiting_14d_production_samples,migrated,simulated_trading,Codex M4 review,2026-07-26,,Share links remain on canonical execution.share; manual trade remains on execution.audit.
core/templates/simulated_trading/my_accounts.html,simulated_trading/my_accounts.html,route_page,simulated_trading,ed52582c5cc256216bf1fb40148abb5f7259ea051725f4e6c8eaa2544e179445,simulated_trading:my-accounts,/simulated-trading/my-accounts/,apps.simulated_trading.interface.views.my_accounts_page,GET;POST,core/templates/simulated_trading/my_accounts.html,base.html,components/classic_tui_migration_banner.html,,css/simulated-trading.css;vendor/chartjs/chart.umd.min.js,,管理本人账户的创建、删除与策略绑定,authenticated,true,simulated_trading.backend_authorization,POST,/api/simulated-trading/accounts/;/api/simulated-trading/accounts/batch-delete/;/api/simulated-trading/accounts/<int:account_id>/;/api/strategy/bind-strategy/;/api/strategy/strategies/my_strategies/;/api/strategy/unbind-strategy/,true,true,true,closed_existing_owner_api,B,页面只误引入未使用的 Chart.js；owner CRUD 和策略绑定 API 已覆盖完整主任务。,execution.accounts,simulated-trading.accounts;simulated-trading.account-create;simulated-trading.account-delete;simulated-trading.account-batch-delete;simulated-trading.strategy-options;simulated-trading.strategy-bind;simulated-trading.strategy-unbind,simulated-accounts,M4-simulated-accounts-w51,redirect_to_tui,/tui/?screen=execution.accounts&action=simulated-trading.accounts,2f0e8cce24243ade60036cfd221c514cc2451bec,e734b1c6ad07ac15148d8ff1bb018f3ef6de58d84fec42e45c488705e12973f9,schema=tui-metadata.v3;runtime=agomtui-runtime-0.2.0+9fdceb2691de;ia=2026-07-21,tests/unit/test_tui_workbench.py::test_tui_simulated_accounts_cover_legacy_hubs_and_account_lifecycle,tests/api/test_simulated_trading_api_edges.py;tests/api/test_strategy_api_edges.py;tests/integration/simulated_trading/test_account_create_api.py;tests/integration/simulated_trading/test_account_delete_api.py,M5 browser UAT: create missing-fields + confirmation cancel passed; remaining CRUD/batch/bind/unbind pending,complete,instrumented_awaiting_14d_production_samples,migrated,simulated_trading,Codex M4 review,2026-07-26,,Realtime price polling is not promoted as a duplicate account task; Data Center remains canonical.
core/templates/simulated_trading/my_positions.html,simulated_trading/my_positions.html,route_page,simulated_trading,3e9fa540bfa074b3ebda9e913033faa0afac4939623e460f84816f7d5b42566c,simulated_trading:my-positions,/simulated-trading/my-accounts/<int:account_id>/positions/,apps.simulated_trading.interface.views.my_positions_page,GET,core/templates/simulated_trading/my_positions.html,base.html,components/classic_tui_migration_banner.html,,,,查看本人账户的当前持仓、成本、市值与未实现盈亏,authenticated,true,simulated_trading.owner_scope,none_detected,,false,true,false,none_detected,A,复用既有 owner-scoped JSON API并按 TUI 八列上限发布 P0 持仓字段。,execution.accounts,simulated-trading.positions,,M3-simulated-trading-records-w37,redirect_to_tui,/tui/?screen=execution.accounts&action=simulated-trading.positions,f05399dde14d93671e61e2c7ecf7b759acd4bfd5,e734b1c6ad07ac15148d8ff1bb018f3ef6de58d84fec42e45c488705e12973f9,schema=tui-metadata.v3;runtime=agomtui-runtime-0.2.0+9fdceb2691de;ia=2026-07-21,tests/unit/test_tui_workbench.py::test_tui_simulated_trading_publishes_owned_records_and_notification_settings,tests/api/test_simulated_trading_api_edges.py,live-server owned/foreign/empty-state UAT pending,complete,instrumented_awaiting_14d_production_samples,migrated,simulated_trading,Codex M3 review,2026-07-26,,apps/simulated_trading/interface/views.py:285
core/templates/simulated_trading/my_trades.html,simulated_trading/my_trades.html,route_page,simulated_trading,4ea692c929d744a42f5a44ae549fec2cc9686fd2abd7d12dfb78a8b27e7cf942,simulated_trading:my-trades,/simulated-trading/my-accounts/<int:account_id>/trades/,apps.simulated_trading.interface.views.my_trades_page,GET,core/templates/simulated_trading/my_trades.html,base.html,components/classic_tui_migration_banner.html,,,,筛选并查看本人账户的交易流水和已实现盈亏,authenticated,true,simulated_trading.owner_scope,none_detected,,false,false,false,none_detected,A,复用既有 owner-scoped JSON API并发布日期、资产、方向和数量上限筛选。,execution.accounts,simulated-trading.trades,,M3-simulated-trading-records-w37,redirect_to_tui,/tui/?screen=execution.accounts&action=simulated-trading.trades,f05399dde14d93671e61e2c7ecf7b759acd4bfd5,e734b1c6ad07ac15148d8ff1bb018f3ef6de58d84fec42e45c488705e12973f9,schema=tui-metadata.v3;runtime=agomtui-runtime-0.2.0+9fdceb2691de;ia=2026-07-21,tests/unit/test_tui_workbench.py::test_tui_simulated_trading_publishes_owned_records_and_notification_settings,tests/api/test_simulated_trading_api_edges.py,live-server filters/pagination/empty-state UAT pending,complete,instrumented_awaiting_14d_production_samples,migrated,simulated_trading,Codex M3 review,2026-07-26,,apps/simulated_trading/interface/views.py:300
core/templates/strategy/components/ai_config_editor.html,strategy/components/ai_config_editor.html,partial_component,strategy,f46840bfc937d17ea0f09ea07c8a5e9a8c2f8542f5019727664fb1d4d1edbcda,,,,unknown,core/templates/strategy/components/ai_config_editor.html,,,core/templates/strategy/create.html;core/templates/strategy/edit.html,,,,authenticated,true,strategy.backend_authorization,none_detected,,false,false,false,review_required,A,适合通过既有或补齐后的 JSON API 迁入 TUI。,macro-regime.strategy,,,M3,remove_with_consumer,,,e734b1c6ad07ac15148d8ff1bb018f3ef6de58d84fec42e45c488705e12973f9,schema=tui-metadata.v3;runtime=agomtui-runtime-0.2.0+9fdceb2691de;ia=2026-07-21,,,,not_started,,backlog,strategy,Codex M0 inventory review,2026-07-26,,
core/templates/strategy/components/position_rule_editor.html,strategy/components/position_rule_editor.html,partial_component,strategy,cc0c4517a25b52fb505a65cfa2d7fe324aa8cf865b8bfa095fd821df4c6c31cc,,,,unknown,core/templates/strategy/components/position_rule_editor.html,,,core/templates/strategy/create.html;core/templates/strategy/edit.html,,,,authenticated,true,strategy.backend_authorization,none_detected,,true,false,false,review_required,A,适合通过既有或补齐后的 JSON API 迁入 TUI。,macro-regime.strategy,,,M3,remove_with_consumer,,,e734b1c6ad07ac15148d8ff1bb018f3ef6de58d84fec42e45c488705e12973f9,schema=tui-metadata.v3;runtime=agomtui-runtime-0.2.0+9fdceb2691de;ia=2026-07-21,,,,not_started,,backlog,strategy,Codex M0 inventory review,2026-07-26,,
core/templates/strategy/components/rule_editor.html,strategy/components/rule_editor.html,partial_component,strategy,ce43531456dda577303ad5889fc9fa6c0857c224d13fa73349b26797f3263147,,,,unknown,core/templates/strategy/components/rule_editor.html,,,core/templates/strategy/create.html;core/templates/strategy/edit.html,,,,authenticated,true,strategy.backend_authorization,none_detected,,true,false,false,review_required,A,适合通过既有或补齐后的 JSON API 迁入 TUI。,macro-regime.strategy,,,M3,remove_with_consumer,,,e734b1c6ad07ac15148d8ff1bb018f3ef6de58d84fec42e45c488705e12973f9,schema=tui-metadata.v3;runtime=agomtui-runtime-0.2.0+9fdceb2691de;ia=2026-07-21,,,,not_started,,backlog,strategy,Codex M0 inventory review,2026-07-26,,
core/templates/strategy/components/rule_templates.html,strategy/components/rule_templates.html,partial_component,strategy,5a91636757d8c013052a92c58f13a48c3021e6603b56f150d653ed66cc249b52,,,,unknown,core/templates/strategy/components/rule_templates.html,,,,,,,authenticated,true,strategy.backend_authorization,none_detected,,true,false,false,review_required,A,适合通过既有或补齐后的 JSON API 迁入 TUI。,macro-regime.strategy,,,M3,remove_with_consumer,,,e734b1c6ad07ac15148d8ff1bb018f3ef6de58d84fec42e45c488705e12973f9,schema=tui-metadata.v3;runtime=agomtui-runtime-0.2.0+9fdceb2691de;ia=2026-07-21,,,,not_started,,backlog,strategy,Codex M0 inventory review,2026-07-26,,
core/templates/strategy/components/script_editor.html,strategy/components/script_editor.html,partial_component,strategy,0cc26f67afbd86bbc9a6f5a7a3e49b3a2d639c96b7979142c55ef4e96a922365,,,,unknown,core/templates/strategy/components/script_editor.html,,,core/templates/strategy/create.html;core/templates/strategy/edit.html,vendor/codemirror/5.65.13/addon/edit/closebrackets.min.js;vendor/codemirror/5.65.13/addon/edit/matchbrackets.min.js;vendor/codemirror/5.65.13/addon/selection/active-line.min.js;vendor/codemirror/5.65.13/codemirror.min.css;vendor/codemirror/5.65.13/codemirror.min.js;vendor/codemirror/5.65.13/mode/python/python.min.js;vendor/codemirror/5.65.13/theme/dracula.min.css,,,authenticated,true,strategy.backend_authorization,none_detected,/api/strategy/test-script/,true,false,false,none_detected,A,适合通过既有或补齐后的 JSON API 迁入 TUI。,macro-regime.strategy,,,M3,remove_with_consumer,,,e734b1c6ad07ac15148d8ff1bb018f3ef6de58d84fec42e45c488705e12973f9,schema=tui-metadata.v3;runtime=agomtui-runtime-0.2.0+9fdceb2691de;ia=2026-07-21,,,,not_started,,backlog,strategy,Codex M0 inventory review,2026-07-26,,
core/templates/strategy/create.html,strategy/create.html,route_page,strategy,0107c54bd2b779d3512f9a458d5e70c50bef5f731f553b2b2baaca8819411af1,strategy:create,/strategy/create/,apps.strategy.interface.page_views.strategy_create,GET;POST,core/templates/strategy/create.html,base.html,components/classic_tui_migration_banner.html;strategy/components/ai_config_editor.html;strategy/components/position_rule_editor.html;strategy/components/rule_editor.html;strategy/components/script_editor.html,,,,创建默认停用策略并配置规则、脚本、AI 或仓位参数,authenticated,true,owner_scoped_with_staff_override,confirmed_audited,,true,true,false,closed,A,复用 owner-scoped REST API；新增默认停用/版本递增与无 raw JSON 条件规则 typed adapters。,macro-regime.strategy,strategy.workbench-create;strategy.rule-create-macro;strategy.rule-create-regime;strategy.rule-create-signal;strategy.rule-create-composite;strategy.script-create;strategy.ai-config-create;strategy.position-rule-create,,M3-strategy-workbench-w40,redirect_to_tui,/tui/?screen=macro-regime.strategy&action=strategy.workbench-create,f05399dde14d93671e61e2c7ecf7b759acd4bfd5,e734b1c6ad07ac15148d8ff1bb018f3ef6de58d84fec42e45c488705e12973f9,schema=tui-metadata.v3;runtime=agomtui-runtime-0.2.0+9fdceb2691de;ia=2026-07-21,tests/unit/test_tui_workbench.py::test_tui_strategy_workbench_exposes_flat_owner_scoped_configuration,tests/api/test_strategy_api_edges.py,live-server lifecycle/configuration/error UAT pending,complete,instrumented_awaiting_14d_production_samples,migrated,strategy,Codex M3 review,2026-07-26,,apps/strategy/interface/page_views.py:573;technical rule omitted because owner evaluator is not implemented
core/templates/strategy/detail.html,strategy/detail.html,route_page,strategy,602d87a6feba126629cb7f60dfbd6db347abea1db756145ebfe40646514e2afc,strategy:detail,/strategy/<int:strategy_id>/,apps.strategy.interface.page_views.strategy_detail,GET,core/templates/strategy/detail.html,base.html,components/classic_tui_migration_banner.html,,widgets/configs/strategy_widget.json,,查看策略及配置证据并预览或执行,authenticated,true,owner_scoped_with_staff_override,confirmed_audited,/api/account/accounts/;/api/strategy/execution/evaluate/,true,true,false,closed,A,复用 owner-scoped REST API；新增默认停用/版本递增与无 raw JSON 条件规则 typed adapters。,macro-regime.strategy,strategy.workbench-detail;strategy.rule-list;strategy.script-list;strategy.ai-config-list;strategy.position-rule-list;strategy.execution-log-list;strategy.execute;strategy.preview,,M3-strategy-workbench-w40,redirect_to_tui,/tui/?screen=macro-regime.strategy&action=strategy.workbench-detail,f05399dde14d93671e61e2c7ecf7b759acd4bfd5,e734b1c6ad07ac15148d8ff1bb018f3ef6de58d84fec42e45c488705e12973f9,schema=tui-metadata.v3;runtime=agomtui-runtime-0.2.0+9fdceb2691de;ia=2026-07-21,tests/unit/test_tui_workbench.py::test_tui_strategy_workbench_exposes_flat_owner_scoped_configuration,tests/api/test_strategy_api_edges.py,live-server lifecycle/configuration/error UAT pending,complete,instrumented_awaiting_14d_production_samples,migrated,strategy,Codex M3 review,2026-07-26,,apps/strategy/interface/page_views.py:596
core/templates/strategy/edit.html,strategy/edit.html,route_page,strategy,55a994faf9eeb66c8533254d754ee750cecb895760180d466f2a3e1a95c180ad,strategy:edit,/strategy/<int:strategy_id>/edit/,apps.strategy.interface.page_views.strategy_edit,GET;POST,core/templates/strategy/edit.html,base.html,components/classic_tui_migration_banner.html;strategy/components/ai_config_editor.html;strategy/components/position_rule_editor.html;strategy/components/rule_editor.html;strategy/components/script_editor.html,,,,版本化更新策略并维护条件、脚本、AI 与仓位配置,authenticated,true,owner_scoped_with_staff_override,confirmed_audited,,true,true,false,closed,A,复用 owner-scoped REST API；新增默认停用/版本递增与无 raw JSON 条件规则 typed adapters。,macro-regime.strategy,strategy.workbench-update;strategy.rule-update-macro;strategy.rule-update-regime;strategy.rule-update-signal;strategy.rule-update-composite;strategy.script-update;strategy.ai-config-update;strategy.position-rule-update,,M3-strategy-workbench-w40,redirect_to_tui,/tui/?screen=macro-regime.strategy&action=strategy.workbench-update,f05399dde14d93671e61e2c7ecf7b759acd4bfd5,e734b1c6ad07ac15148d8ff1bb018f3ef6de58d84fec42e45c488705e12973f9,schema=tui-metadata.v3;runtime=agomtui-runtime-0.2.0+9fdceb2691de;ia=2026-07-21,tests/unit/test_tui_workbench.py::test_tui_strategy_workbench_exposes_flat_owner_scoped_configuration,tests/api/test_strategy_api_edges.py,live-server lifecycle/configuration/error UAT pending,complete,instrumented_awaiting_14d_production_samples,migrated,strategy,Codex M3 review,2026-07-26,,apps/strategy/interface/page_views.py:644;server increments strategy version
core/templates/strategy/list.html,strategy/list.html,route_page,strategy,e56d098e1a0b5c53993f1de5afae894a7f54589e972f47520f5af46982bf5ca3,strategy:list,/strategy/,apps.strategy.interface.page_views.strategy_list,GET,core/templates/strategy/list.html,base.html,components/classic_tui_migration_banner.html,,css/strategy.css,,筛选策略并启停或删除本人策略,authenticated,true,owner_scoped_with_staff_override,confirmed_audited,,true,true,false,closed,A,复用 owner-scoped REST API；新增默认停用/版本递增与无 raw JSON 条件规则 typed adapters。,macro-regime.strategy,strategy.workbench-list;strategy.workbench-detail;strategy.workbench-activate;strategy.workbench-deactivate;strategy.workbench-delete,,M3-strategy-workbench-w40,redirect_to_tui,/tui/?screen=macro-regime.strategy&action=strategy.workbench-list,f05399dde14d93671e61e2c7ecf7b759acd4bfd5,e734b1c6ad07ac15148d8ff1bb018f3ef6de58d84fec42e45c488705e12973f9,schema=tui-metadata.v3;runtime=agomtui-runtime-0.2.0+9fdceb2691de;ia=2026-07-21,tests/unit/test_tui_workbench.py::test_tui_strategy_workbench_exposes_flat_owner_scoped_configuration,tests/api/test_strategy_api_edges.py,live-server lifecycle/configuration/error UAT pending,complete,instrumented_awaiting_14d_production_samples,migrated,strategy,Codex M3 review,2026-07-26,,apps/strategy/interface/page_views.py:538
core/templates/terminal/config.html,terminal/config.html,route_page,terminal,af530e7c1486adb2eeb64c681e9541a35d11e524b8a92d68595c6b745436d094,terminal-config,/terminal/config/,apps.terminal.interface.views.terminal_config_view,GET,core/templates/terminal/config.html,base.html,,,,,从已退役的终端命令 CRUD 进入当前 Agent/MCP 助手,admin,true,staff_required,none_detected,/api/prompt/templates/;/api/terminal/commands/,true,false,false,resolved_by_owner_retirement,A,Terminal command CRUD 已由 owner 明确退役；旧 staff 路由不复活 410 API 而精确跳转当前 Agent chat。,ai-ops.terminal,terminal.agent_chat,,M3-terminal-config-w23,redirect_to_tui,/tui/?screen=ai-ops.terminal&action=terminal.agent_chat,5554caf11d80aa0fa13340d4e187946743659c1a,e734b1c6ad07ac15148d8ff1bb018f3ef6de58d84fec42e45c488705e12973f9,schema=tui-metadata.v3;runtime=agomtui-runtime-0.2.0+9fdceb2691de;ia=2026-07-21,tests/component/test_terminal_api.py::test_retired_terminal_config_page_redirects_staff_to_agent_chat,tests/component/test_terminal_api.py::TestDeprecatedCommandEndpoints,frontend/tui-workbench/tests/workbench-browser.test.mjs (staff redirect/agent chat),complete,Legacy command API remains explicit 410 and the route preserves staff authorization before redirect,migrated,terminal,Codex M3 wave review,2026-07-26,,Template remains as a rollback artifact until M5; it is no longer rendered because its CRUD API is formally retired.
core/templates/terminal/index.html,terminal/index.html,shell,terminal,ef5f6d9c3a2ee1044d3d7267355f5cdbf055b049009fb2ea82575a834852d3ba,terminal,/terminal/,apps.terminal.interface.views.terminal_view,GET,core/templates/terminal/index.html,,,,css/terminal.css;js/marked.min.js;js/mermaid.min.js;js/terminal.js,,,authenticated,true,terminal.backend_authorization,none_detected,,true,false,false,not_applicable,C,TUI 与 Terminal 自身仍需要同源宿主模板。,,,,retained,retain,,,e734b1c6ad07ac15148d8ff1bb018f3ef6de58d84fec42e45c488705e12973f9,schema=tui-metadata.v3;runtime=agomtui-runtime-0.2.0+9fdceb2691de;ia=2026-07-21,,,,not_applicable,,retained,terminal,Codex M0 inventory review,2026-07-26,,apps/terminal/interface/views.py:43;core/views.py:144
core/templates/terminal/tui_workbench.html,terminal/tui_workbench.html,shell,terminal,5b684db7650bf005753926edf5239927a30b6f78af980171128de70c1be74b98,tui-workbench,/tui/,apps.terminal.interface.views.tui_workbench_view,GET,core/templates/terminal/tui_workbench.html,,,,css/tui-workbench.css;js/agomtui-runtime-core.js;js/tui-agomtradepro-adapter.js;js/tui-workbench.js,,,authenticated,true,terminal.backend_authorization,none_detected,,false,false,false,not_applicable,C,TUI 与 Terminal 自身仍需要同源宿主模板。,,,,retained,retain,,,e734b1c6ad07ac15148d8ff1bb018f3ef6de58d84fec42e45c488705e12973f9,schema=tui-metadata.v3;runtime=agomtui-runtime-0.2.0+9fdceb2691de;ia=2026-07-21,,,,not_applicable,,retained,terminal,Codex M0 inventory review,2026-07-26,,apps/terminal/interface/views.py:71
